Workbook

Sheet Dashboard
A1: Billing Dashboard
A3: Total Mismatches Found: | B3: =COUNTA(Discrepancies!A2:A1000) -> 0

Sheet Bill Entry
A1: Date | B1: BillNo | C1: Item | D1: QtyReceived | E1: QtyDamaged | F1: VendorRate | G1: VendorAmount | H1: NetQty | I1: EffectiveRate | J1: ExpectedAmount | K1: VarianceAmt | L1: VariancePct | M1: Status

Sheet Discrepancies
A1: Row | B1: Date | C1: BillNo | D1: Item | E1: NetQty | F1: EffectiveRate | G1: ExpectedAmount | H1: VendorRate | I1: VendorAmount | J1: VarianceAmt | K1: VariancePct | L1: Status

Sheet PriceHistory
A1: Date | B1: Tandoori Paper Rate | C1: Boiler Paper Rate | D1: Egg Paper Rate | F1: Tandoori Effective Rate | G1: Spl Leg Effective Rate | H1: Boneless Effective Rate | I1: Full Leg Effective Rate | J1: Wings Effective Rate | K1: Dressing Tandoori Effective Rate | L1: Boiler Effective Rate | M1: Egg Effective Rate
A2: 45878 | B2: 124 | C2: 105 | D2: 495 | F2: 144 | G2: 149 | H2: 200 | I2: 125 | J2: 130 | K2: 174 | L2: 125 | M2: 495

Sheet Raw Data
D7: Date | E7: Tandoor | F7: Boiler | G7: Egg | J7: 138
D8: 45564 | E8: 131 | F8: 118 | G8: 580 | J8: =J7-'Raw Data'!$F8 -> 20
D9: =D8+1 -> 45565 | E9: 131 | F9: 118 | G9: 580
D10: =D9+1 -> 45566 | E10: 131 | F10: 118 | G10: 580
D11: =D10+1 -> 45567 | E11: 131 | F11: 116 | G11: 580
D12: =D11+1 -> 45568 | E12: 131 | F12: 116 | G12: 580
D13: =D12+1 -> 45569 | E13: 131 | F13: 116 | G13: 560
D14: =D13+1 -> 45570 | E14: 131 | F14: 118 | G14: 560
D15: =D14+1 -> 45571 | E15: 133 | F15: 118 | G15: 560
D16: =D15+1 -> 45572 | E16: 133 | F16: 118 | G16: 560
D17: =D16+1 -> 45573 | E17: 133 | F17: 118 | G17: 560
D18: =D17+1 -> 45574 | E18: 131 | F18: 114 | G18: 560
D19: =D18+1 -> 45575 | E19: 131 | F19: 110 | G19: 560
D20: =D19+1 -> 45576 | E20: 131 | F20: 110 | G20: 560
... D160: =D159+1 -> 45716 | E160: 122 | F160: 105 | G160: 510
D161: =D160+1 -> 45717 | E161: 124 | F161: 110
D162: =D161+1 -> 45718 | E162: 128 | F162: 113 | G162: 510
D163: =D162+1 -> 45719 | E163: 130 | F163: 113 | G163: 490
D164: =D163+1 -> 45720 | E164: 130 | F164: 113 | G164: 480
D165: =D164+1 -> 45721 | E165: 128 | F165: 113
D166: =D165+1 -> 45722 | E166: 126 | F166: 105
D167: =D166+1 -> 45723 | E167: 124 | F167: 100 | G167: 455
D168: =D167+1 -> 45724 | E168: 122 | F168: 90 | G168: 455
D169: =D168+1 -> 45725 | E169: 120 | F169: 90 | G169: 455
D170: =D169+1 -> 45726 | E170: 120 | F170: 90 | G170: 455
D171: =D170+1 -> 45727 | E171: 120 | F171: 90 | G171: 455
D172: =D171+1 -> 45728 | E172: 120 | F172: 90 | G172: 455
D173: =D172+1 -> 45729 | E173: 120 | F173: 95 | G173: 445
D174: =D173+1 -> 45730 | E174: 120 | F174: 107 | G174: 435
D175: =D174+1 -> 45731 | E175: 122 | F175: 112 | G175: 435
D176: =D175+1 -> 45732 | E176: 117 | F176: 124 | G176: 435
D177: =D176+1 -> 45733 | E177: 117 | F177: 124 | G177: 445
D178: =D177+1 -> 45734 | E178: 117 | F178: 124 | G178: 455
... D214: =D213+1 -> 45770 | E214: 126 | F214: 119 | G214: 450
D215: =D214+1 -> 45771 | E215: 126 | F215: 119
D216: =D215+1 -> 45772 | E216: 126 | F216: 119 | G216: 450
D217: =D216+1 -> 45773 | E217: 126 | F217: 121 | G217: 455
D218: =D217+1 -> 45774 | E218: 126 | F218: 123 | G218: 460
D219: =D218+1 -> 45775 | E219: 126 | F219: 123 | G219: 465
D220: =D219+1 -> 45776 | E220: 126 | F220: 123 | G220: 470
D221: =D220+1 -> 45777 | E221: 126 | F221: 125 | G221: 475
D222: =D221+1 -> 45778 | E222: 126 | F222: 125 | G222: 485
D223: =D222+1 -> 45779 | E223: 126 | F223: 127 | G223: 495
D224: =D223+1 -> 45780 | E224: 126 | F224: 131 | G224: 505
D225: =D224+1 -> 45781 | E225: 126 | F225: 140 | G225: 515
D226: =D225+1 -> 45782 | E226: 126 | F226: 140 | G226: 515
D227: =D226+1 -> 45783 | E227: 132 | F227: 145 | G227: 535
... D431: =D430+1 -> 45987 | E431: 150 | F431: 133 | G431: 720
D432: =D431+1 -> 45988
D433: =D432+1 -> 45989
D434: =D433+1 -> 45990
D435: =D434+1 -> 45991
D436: =D435+1 -> 45992
D437: =D436+1 -> 45993
D438: =D437+1 -> 45994
D439: =D438+1 -> 45995
D440: =D439+1 -> 45996
D441: =D440+1 -> 45997
D442: =D441+1 -> 45998
D443: =D442+1 -> 45999
... D1000: =D999+1 -> 46556

Sheet Bill
A1: `` | AE1: 3
L2: 20 | M2: 25 | N2: -10 | O2: 20 | P2: 25 | Q2: 50 | R2: 20 | S2: -20
K4: Bill | W4: =SUMIFS(Bill!$W$6:$W$25, Bill!$K$6:$K$25, ">=" & TODAY()-30, Bill!$K$6:$K$25, "<=" & TODAY()) -> 0 | Y4: Weight
A5: Date | B5: Tandoori | C5: Spl Leg | D5: Boneless | E5: Full Leg | F5: Wings | G5: Dressing Tandoori | H5: Boiler | I5: Egg | K5: Date | L5: Tandoori | M5: Spl Leg | N5: Boneless | O5: Full Leg | P5: Wings | Q5: Dressing Tandoori | R5: Boiler | S5: Egg | T5: Chicken Bill | U5: Actual Bill | V5: Validate | W5: Difference | Y5: Date | Z5: Dressing Tandoor | AA5: Tandoori | AB5: Spl Leg | AC5: Boneless | AD5: Full Leg | AE5: Wings | AF5: Boiler | AG5: Egg
A6: =Bill!$Y6 -> 45564 | B6: ='Raw Data'!E8+Bill!$L$2 -> 151 | C6: ='Raw Data'!E8+Bill!$M$2 -> 156 | D6: =('Raw Data'!$F8*2)-10 -> 226 | E6: ='Raw Data'!F8+Bill!$O$2 -> 138 | F6: ='Raw Data'!F8+Bill!$P$2 -> 143 | H6: =('Raw Data'!F8+Bill!$R$2) -> 138 | I6: ='Raw Data'!G8/100 -> 5.8 | K6: =Bill!$Y6 -> 45564 | L6: =Bill!$AA6*('Raw Data'!$E8+$L$2) -> 649.3 | M6: =Bill!$AB6*('Raw Data'!$E8+$M$2) -> 1872 | N6: =(('Raw Data'!$F8 * 2)-10)*Bill!$AC6 -> 0 | O6: =('Raw Data'!F8+Bill!$O$2)*Bill!$AD6 -> 0 | P6: =('Raw Data'!F8+Bill!$P$2)*Bill!$AE6 -> 286 | Q6: =Bill!$Z6*('Raw Data'!$E8+$Q$2) -> 0 | R6: =('Raw Data'!F8+Bill!$R$2)*Bill!$AF6 -> 0 | S6: =('Raw Data'!G8/100)*Bill!$AG6 -> 0 | T6: =SUM(Bill!$L6:$R6) -> 2807.3 | U6: 2807 | V6: =IF(ABS(Bill!$T6 - Bill!$U6) > 20, 1, 0) -> 0 | W6: =Bill!$U6-Bill!$T6 -> -0.3 | Y6: ='Raw Data'!D8 -> 45564 | Z6: 0 | AA6: 4.3 | AB6: 12 | AC6: 0 | AD6: 0 | AE6: 2 | AF6: 0 | AG6: 0
A7: =Bill!$Y7 -> 45565 | B7: ='Raw Data'!E9+Bill!$L$2 -> 151 | C7: ='Raw Data'!E9+Bill!$M$2 -> 156 | D7: =('Raw Data'!$F9*2)-10 -> 226 | E7: ='Raw Data'!F9+Bill!$O$2 -> 138 | F7: ='Raw Data'!F9+Bill!$P$2 -> 143 | H7: =('Raw Data'!F9+Bill!$R$2) -> 138 | I7: ='Raw Data'!G9/100 -> 5.8 | K7: =Bill!$Y7 -> 45565 | L7: =Bill!$AA7*('Raw Data'!$E9+$L$2) -> 1072.1 | M7: =Bill!$AB7*('Raw Data'!$E9+$M$2) -> 1248 | N7: =(('Raw Data'!$F9 * 2)-10)*Bill!$AC7 -> 1130 | O7: =('Raw Data'!F9+Bill!$O$2)*Bill!$AD7 -> 151.8 | P7: =('Raw Data'!F9+Bill!$P$2)*Bill!$AE7 -> 286 | Q7: =Bill!$Z7*('Raw Data'!$E9+$Q$2) -> 0 | R7: =('Raw Data'!F9+Bill!$R$2)*Bill!$AF7 -> 0 | S7: =('Raw Data'!G9/100)*Bill!$AG7 -> 0 | T7: =SUM(Bill!$L7:$R7) -> 3887.9 | U7: 3888 | V7: =IF(ABS(Bill!$T7 - Bill!$U7) > 20, 1, 0) -> 0 | W7: =Bill!$U7-Bill!$T7 -> 0.1 | Y7: ='Raw Data'!D9 -> 45565 | Z7: 0 | AA7: 7.1 | AB7: 8 | AC7: 5 | AD7: 1.1 | AE7: 2 | AF7: 0 | AG7: 0
A8: =Bill!$Y8 -> 45566 | B8: ='Raw Data'!E10+Bill!$L$2 -> 151 | C8: ='Raw Data'!E10+Bill!$M$2 -> 156 | D8: =('Raw Data'!$F10*2)-10 -> 226 | E8: ='Raw Data'!F10+Bill!$O$2 -> 138 | F8: ='Raw Data'!F10+Bill!$P$2 -> 143 | H8: =('Raw Data'!F10+Bill!$R$2) -> 138 | I8: ='Raw Data'!G10/100 -> 5.8 | K8: =Bill!$Y8 -> 45566 | L8: =Bill!$AA8*('Raw Data'!$E10+$L$2) -> 875.8 | M8: =Bill!$AB8*('Raw Data'!$E10+$M$2) -> 780 | N8: =(('Raw Data'!$F10 * 2)-10)*Bill!$AC8 -> 678 | O8: =('Raw Data'!F10+Bill!$O$2)*Bill!$AD8 -> 0 | P8: =('Raw Data'!F10+Bill!$P$2)*Bill!$AE8 -> 0 | Q8: =Bill!$Z8*('Raw Data'!$E10+$Q$2) -> 0 | R8: =('Raw Data'!F10+Bill!$R$2)*Bill!$AF8 -> 0 | S8: =('Raw Data'!G10/100)*Bill!$AG8 -> 870 | T8: =SUM(Bill!$L8:$R8) -> 2333.8 | U8: 2363 | V8: =IF(ABS(Bill!$T8 - Bill!$U8) > 20, 1, 0) -> 1 | W8: =Bill!$U8-Bill!$T8 -> 29.2 | Y8: ='Raw Data'!D10 -> 45566 | Z8: 0 | AA8: 5.8 | AB8: 5 | AC8: 3 | AD8: 0 | AE8: 0 | AF8: 0 | AG8: 150
A9: =Bill!$Y9 -> 45567 | B9: ='Raw Data'!E11+Bill!$L$2 -> 151 | C9: ='Raw Data'!E11+Bill!$M$2 -> 156 | D9: =('Raw Data'!$F11*2)-10 -> 222 | E9: ='Raw Data'!F11+Bill!$O$2 -> 136 | F9: ='Raw Data'!F11+Bill!$P$2 -> 141 | H9: =('Raw Data'!F11+Bill!$R$2) -> 136 | I9: ='Raw Data'!G11/100 -> 5.8 | K9: =Bill!$Y9 -> 45567 | L9: =Bill!$AA9*('Raw Data'!$E11+$L$2) -> 1751.6 | M9: =Bill!$AB9*('Raw Data'!$E11+$M$2) -> 2340 | N9: =(('Raw Data'!$F11 * 2)-10)*Bill!$AC9 -> 888 | O9: =('Raw Data'!F11+Bill!$O$2)*Bill!$AD9 -> 272 | P9: =('Raw Data'!F11+Bill!$P$2)*Bill!$AE9 -> 0 | Q9: =Bill!$Z9*('Raw Data'!$E11+$Q$2) -> 0 | R9: =('Raw Data'!F11+Bill!$R$2)*Bill!$AF9 -> 0 | S9: =('Raw Data'!G11/100)*Bill!$AG9 -> 0 | T9: =SUM(Bill!$L9:$R9) -> 5251.6 | U9: 5310 | V9: =IF(ABS(Bill!$T9 - Bill!$U9) > 20, 1, 0) -> 1 | W9: =Bill!$U9-Bill!$T9 -> 58.4 | Y9: ='Raw Data'!D11 -> 45567 | Z9: 0 | AA9: 11.6 | AB9: 15 | AC9: 4 | AD9: 2 | AE9: 0 | AF9: 0 | AG9: 0
A10: =Bill!$Y10 -> 45568 | B10: ='Raw Data'!E12+Bill!$L$2 -> 151 | C10: ='Raw Data'!E12+Bill!$M$2 -> 156 | D10: =('Raw Data'!$F12*2)-10 -> 222 | E10: ='Raw Data'!F12+Bill!$O$2 -> 136 | F10: ='Raw Data'!F12+Bill!$P$2 -> 141 | H10: =('Raw Data'!F12+Bill!$R$2) -> 136 | I10: ='Raw Data'!G12/100 -> 5.8 | K10: =Bill!$Y10 -> 45568 | L10: =Bill!$AA10*('Raw Data'!$E12+$L$2) -> 1298.6 | M10: =Bill!$AB10*('Raw Data'!$E12+$M$2) -> 1700.4 | N10: =(('Raw Data'!$F12 * 2)-10)*Bill!$AC10 -> 888 | O10: =('Raw Data'!F12+Bill!$O$2)*Bill!$AD10 -> 0 | P10: =('Raw Data'!F12+Bill!$P$2)*Bill!$AE10 -> 423 | Q10: =Bill!$Z10*('Raw Data'!$E12+$Q$2) -> 0 | R10: =('Raw Data'!F12+Bill!$R$2)*Bill!$AF10 -> 0 | S10: =('Raw Data'!G12/100)*Bill!$AG10 -> 0 | T10: =SUM(Bill!$L10:$R10) -> 4310 | U10: 4213 | V10: =IF(ABS(Bill!$T10 - Bill!$U10) > 20, 1, 0) -> 1 | W10: =Bill!$U10-Bill!$T10 -> -97 | Y10: ='Raw Data'!D12 -> 45568 | Z10: 0 | AA10: 8.6 | AB10: 10.9 | AC10: 4 | AD10: 0 | AE10: 3 | AF10: 0 | AG10: 0
A11: =Bill!$Y11 -> 45569 | B11: ='Raw Data'!E13+Bill!$L$2 -> 151 | C11: ='Raw Data'!E13+Bill!$M$2 -> 156 | D11: =('Raw Data'!$F13*2)-10 -> 222 | E11: ='Raw Data'!F13+Bill!$O$2 -> 136 | F11: ='Raw Data'!F13+Bill!$P$2 -> 141 | H11: =('Raw Data'!F13+Bill!$R$2) -> 136 | I11: ='Raw Data'!G13/100 -> 5.6 | K11: =Bill!$Y11 -> 45569 | L11: =Bill!$AA11*('Raw Data'!$E13+$L$2) -> 906 | M11: =Bill!$AB11*('Raw Data'!$E13+$M$2) -> 0 | N11: =(('Raw Data'!$F13 * 2)-10)*Bill!$AC11 -> 0 | O11: =('Raw Data'!F13+Bill!$O$2)*Bill!$AD11 -> 0 | P11: =('Raw Data'!F13+Bill!$P$2)*Bill!$AE11 -> 282 | Q11: =Bill!$Z11*('Raw Data'!$E13+$Q$2) -> 0 | R11: =('Raw Data'!F13+Bill!$R$2)*Bill!$AF11 -> 0 | S11: =('Raw Data'!G13/100)*Bill!$AG11 -> 840 | T11: =SUM(Bill!$L11:$R11) -> 1188 | U11: 1218 | V11: =IF(ABS(Bill!$T11 - Bill!$U11) > 20, 1, 0) -> 1 | W11: =Bill!$U11-Bill!$T11 -> 30 | Y11: ='Raw Data'!D13 -> 45569 | Z11: 0 | AA11: 6 | AB11: 0 | AC11: 0 | AD11: 0 | AE11: 2 | AF11: 0 | AG11: 150
A12: =Bill!$Y12 -> 45570 | B12: ='Raw Data'!E14+Bill!$L$2 -> 151 | C12: ='Raw Data'!E14+Bill!$M$2 -> 156 | D12: =('Raw Data'!$F14*2)-10 -> 226 | E12: ='Raw Data'!F14+Bill!$O$2 -> 138 | F12: ='Raw Data'!F14+Bill!$P$2 -> 143 | H12: =('Raw Data'!F14+Bill!$R$2) -> 138 | I12: ='Raw Data'!G14/100 -> 5.6 | K12: =Bill!$Y12 -> 45570 | L12: =Bill!$AA12*('Raw Data'!$E14+$L$2) -> 868.25 | M12: =Bill!$AB12*('Raw Data'!$E14+$M$2) -> 491.4 | N12: =(('Raw Data'!$F14 * 2)-10)*Bill!$AC12 -> 1130 | O12: =('Raw Data'!F14+Bill!$O$2)*Bill!$AD12 -> 0 | P12: =('Raw Data'!F14+Bill!$P$2)*Bill!$AE12 -> 0 | Q12: =Bill!$Z12*('Raw Data'!$E14+$Q$2) -> 0 | R12: =('Raw Data'!F14+Bill!$R$2)*Bill!$AF12 -> 0 | S12: =('Raw Data'!G14/100)*Bill!$AG12 -> 0 | T12: =SUM(Bill!$L12:$R12) -> 2489.65 | U12: 2518 | V12: =IF(ABS(Bill!$T12 - Bill!$U12) > 20, 1, 0) -> 1 | W12: =Bill!$U12-Bill!$T12 -> 28.35 | Y12: ='Raw Data'!D14 -> 45570 | Z12: 0 | AA12: 5.75 | AB12: 3.15 | AC12: 5 | AD12: 0 | AE12: 0 | AF12: 0 | AG12: 0
A13: =Bill!$Y13 -> 45571 | B13: ='Raw Data'!E15+Bill!$L$2 -> 153 | C13: ='Raw Data'!E15+Bill!$M$2 -> 158 | D13: =('Raw Data'!$F15*2)-10 -> 226 | E13: ='Raw Data'!F15+Bill!$O$2 -> 138 | F13: ='Raw Data'!F15+Bill!$P$2 -> 143 | H13: =('Raw Data'!F15+Bill!$R$2) -> 138 | I13: ='Raw Data'!G15/100 -> 5.6 | K13: =Bill!$Y13 -> 45571 | L13: =Bill!$AA13*('Raw Data'!$E15+$L$2) -> 1407.6 | M13: =Bill!$AB13*('Raw Data'!$E15+$M$2) -> 1580 | N13: =(('Raw Data'!$F15 * 2)-10)*Bill!$AC13 -> 904 | O13: =('Raw Data'!F15+Bill!$O$2)*Bill!$AD13 -> 0 | P13: =('Raw Data'!F15+Bill!$P$2)*Bill!$AE13 -> 143 | Q13: =Bill!$Z13*('Raw Data'!$E15+$Q$2) -> 0 | R13: =('Raw Data'!F15+Bill!$R$2)*Bill!$AF13 -> 414 | S13: =('Raw Data'!G15/100)*Bill!$AG13 -> 0 | T13: =SUM(Bill!$L13:$R13) -> 4448.6 | U13: 4449 | V13: =IF(ABS(Bill!$T13 - Bill!$U13) > 20, 1, 0) -> 0 | W13: =Bill!$U13-Bill!$T13 -> 0.4 | Y13: ='Raw Data'!D15 -> 45571 | Z13: 0 | AA13: 9.2 | AB13: 10 | AC13: 4 | AD13: 0 | AE13: 1 | AF13: 3 | AG13: 0
A14: =Bill!$Y14 -> 45572 | B14: ='Raw Data'!E16+Bill!$L$2 -> 153 | C14: ='Raw Data'!E16+Bill!$M$2 -> 158 | D14: =('Raw Data'!$F16*2)-10 -> 226 | E14: ='Raw Data'!F16+Bill!$O$2 -> 138 | F14: ='Raw Data'!F16+Bill!$P$2 -> 143 | H14: =('Raw Data'!F16+Bill!$R$2) -> 138 | I14: ='Raw Data'!G16/100 -> 5.6 | K14: =Bill!$Y14 -> 45572 | L14: =Bill!$AA14*('Raw Data'!$E16+$L$2) -> 0 | M14: =Bill!$AB14*('Raw Data'!$E16+$M$2) -> 474 | N14: =(('Raw Data'!$F16 * 2)-10)*Bill!$AC14 -> 452 | O14: =('Raw Data'!F16+Bill!$O$2)*Bill!$AD14 -> 138 | P14: =('Raw Data'!F16+Bill!$P$2)*Bill!$AE14 -> 0 | Q14: =Bill!$Z14*('Raw Data'!$E16+$Q$2) -> 0 | R14: =('Raw Data'!F16+Bill!$R$2)*Bill!$AF14 -> 0 | S14: =('Raw Data'!G16/100)*Bill!$AG14 -> 0 | T14: =SUM(Bill!$L14:$R14) -> 1064 | U14: 1064 | V14: =IF(ABS(Bill!$T14 - Bill!$U14) > 20, 1, 0) -> 0 | W14: =Bill!$U14-Bill!$T14 -> 0 | Y14: ='Raw Data'!D16 -> 45572 | Z14: 0 | AA14: 0 | AB14: 3 | AC14: 2 | AD14: 1 | AE14: 0 | AF14: 0 | AG14: 0
A15: =Bill!$Y15 -> 45573 | B15: ='Raw Data'!E17+Bill!$L$2 -> 153 | C15: ='Raw Data'!E17+Bill!$M$2 -> 158 | D15: =('Raw Data'!$F17*2)-10 -> 226 | E15: ='Raw Data'!F17+Bill!$O$2 -> 138 | F15: ='Raw Data'!F17+Bill!$P$2 -> 143 | H15: =('Raw Data'!F17+Bill!$R$2) -> 138 | I15: ='Raw Data'!G17/100 -> 5.6 | K15: =Bill!$Y15 -> 45573 | L15: =Bill!$AA15*('Raw Data'!$E17+$L$2) -> 856.8 | M15: =Bill!$AB15*('Raw Data'!$E17+$M$2) -> 1264 | N15: =(('Raw Data'!$F17 * 2)-10)*Bill!$AC15 -> 678 | O15: =('Raw Data'!F17+Bill!$O$2)*Bill!$AD15 -> 138 | P15: =('Raw Data'!F17+Bill!$P$2)*Bill!$AE15 -> 0 | Q15: =Bill!$Z15*('Raw Data'!$E17+$Q$2) -> 0 | R15: =('Raw Data'!F17+Bill!$R$2)*Bill!$AF15 -> 0 | S15: =('Raw Data'!G17/100)*Bill!$AG15 -> 0 | T15: =SUM(Bill!$L15:$R15) -> 2936.8 | U15: 2937 | V15: =IF(ABS(Bill!$T15 - Bill!$U15) > 20, 1, 0) -> 0 | W15: =Bill!$U15-Bill!$T15 -> 0.2 | Y15: ='Raw Data'!D17 -> 45573 | Z15: 0 | AA15: 5.6 | AB15: 8 | AC15: 3 | AD15: 1 | AE15: 0 | AF15: 0 | AG15: 0
A16: =Bill!$Y16 -> 45574 | B16: ='Raw Data'!E18+Bill!$L$2 -> 151 | C16: ='Raw Data'!E18+Bill!$M$2 -> 156 | D16: =('Raw Data'!$F18*2)-10 -> 218 | E16: ='Raw Data'!F18+Bill!$O$2 -> 134 | F16: ='Raw Data'!F18+Bill!$P$2 -> 139 | H16: =('Raw Data'!F18+Bill!$R$2) -> 134 | I16: ='Raw Data'!G18/100 -> 5.6 | K16: =Bill!$Y16 -> 45574 | L16: =Bill!$AA16*('Raw Data'!$E18+$L$2) -> 0 | M16: =Bill!$AB16*('Raw Data'!$E18+$M$2) -> 0 | N16: =(('Raw Data'!$F18 * 2)-10)*Bill!$AC16 -> 0 | O16: =('Raw Data'!F18+Bill!$O$2)*Bill!$AD16 -> 0 | P16: =('Raw Data'!F18+Bill!$P$2)*Bill!$AE16 -> 0 | Q16: =Bill!$Z16*('Raw Data'!$E18+$Q$2) -> 0 | R16: =('Raw Data'!F18+Bill!$R$2)*Bill!$AF16 -> 0 | S16: =('Raw Data'!G18/100)*Bill!$AG16 -> 840 | T16: =SUM(Bill!$L16:$R16) -> 0 | U16: 0 | V16: =IF(ABS(Bill!$T16 - Bill!$U16) > 20, 1, 0) -> 0 | W16: =Bill!$U16-Bill!$T16 -> 0 | Y16: ='Raw Data'!D18 -> 45574 | Z16: 0 | AA16: 0 | AB16: 0 | AC16: 0 | AD16: 0 | AE16: 0 | AF16: 0 | AG16: 150
A17: =Bill!$Y17 -> 45575 | B17: ='Raw Data'!E19+Bill!$L$2 -> 151 | C17: ='Raw Data'!E19+Bill!$M$2 -> 156 | D17: =('Raw Data'!$F19*2)-10 -> 210 | E17: ='Raw Data'!F19+Bill!$O$2 -> 130 | F17: ='Raw Data'!F19+Bill!$P$2 -> 135 | H17: =('Raw Data'!F19+Bill!$R$2) -> 130 | I17: ='Raw Data'!G19/100 -> 5.6 | K17: =Bill!$Y17 -> 45575 | L17: =Bill!$AA17*('Raw Data'!$E19+$L$2) -> 1555.3 | M17: =Bill!$AB17*('Raw Data'!$E19+$M$2) -> 780 | N17: =(('Raw Data'!$F19 * 2)-10)*Bill!$AC17 -> 1260 | O17: =('Raw Data'!F19+Bill!$O$2)*Bill!$AD17 -> 260 | P17: =('Raw Data'!F19+Bill!$P$2)*Bill!$AE17 -> 0 | Q17: =Bill!$Z17*('Raw Data'!$E19+$Q$2) -> 0 | R17: =('Raw Data'!F19+Bill!$R$2)*Bill!$AF17 -> 0 | S17: =('Raw Data'!G19/100)*Bill!$AG17 -> 0 | T17: =SUM(Bill!$L17:$R17) -> 3855.3 | U17: 3868 | V17: =IF(ABS(Bill!$T17 - Bill!$U17) > 20, 1, 0) -> 0 | W17: =Bill!$U17-Bill!$T17 -> 12.7 | Y17: ='Raw Data'!D19 -> 45575 | Z17: 0 | AA17: 10.3 | AB17: 5 | AC17: 6 | AD17: 2 | AE17: 0 | AF17: 0 | AG17: 0
... A29: =Bill!$Y29 -> 45587 | B29: ='Raw Data'!E31+Bill!$L$2 -> 162 | C29: ='Raw Data'!E31+Bill!$M$2 -> 167 | D29: =('Raw Data'!$F31*2)-10 -> 250 | E29: ='Raw Data'!F31+Bill!$O$2 -> 150 | F29: ='Raw Data'!F31+Bill!$P$2 -> 155 | H29: =('Raw Data'!F31+Bill!$R$2) -> 150 | I29: ='Raw Data'!G31/100 -> 5.75 | K29: =Bill!$Y29 -> 45587 | L29: =Bill!$AA29*('Raw Data'!$E31+$L$2) -> 1765.8 | M29: =Bill!$AB29*('Raw Data'!$E31+$M$2) -> 2004 | N29: =(('Raw Data'!$F31 * 2)-10)*Bill!$AC29 -> 500 | O29: =('Raw Data'!F31+Bill!$O$2)*Bill!$AD29 -> 150 | P29: =('Raw Data'!F31+Bill!$P$2)*Bill!$AE29 -> 0 | Q29: =Bill!$Z29*('Raw Data'!$E31+$Q$2) -> 0 | R29: =('Raw Data'!F31+Bill!$R$2)*Bill!$AF29 -> 0 | S29: =('Raw Data'!G31/100)*Bill!$AG29 -> 0 | T29: =SUM(Bill!$L29:$R29) -> 4419.8 | U29: 4420 | V29: =IF(ABS(Bill!$T29 - Bill!$U29) > 20, 1, 0) -> 0 | W29: =Bill!$U29-Bill!$T29 -> 0.2 | Y29: ='Raw Data'!D31 -> 45587 | Z29: 0 | AA29: 10.9 | AB29: 12 | AC29: 2 | AD29: 1 | AE29: 0 | AF29: 0 | AG29: 0
A30: =Bill!$Y30 -> 45588 | B30: ='Raw Data'!E32+Bill!$L$2 -> 162 | C30: ='Raw Data'!E32+Bill!$M$2 -> 167 | D30: =('Raw Data'!$F32*2)-10 -> 254 | E30: ='Raw Data'!F32+Bill!$O$2 -> 152 | F30: ='Raw Data'!F32+Bill!$P$2 -> 157 | H30: =('Raw Data'!F32+Bill!$R$2) -> 152 | I30: ='Raw Data'!G32/100 -> 5.8 | K30: =Bill!$Y30 -> 45588 | L30: =Bill!$AA30*('Raw Data'!$E32+$L$2) -> 891 | M30: =Bill!$AB30*('Raw Data'!$E32+$M$2) -> 1336 | N30: =(('Raw Data'!$F32 * 2)-10)*Bill!$AC30 -> 762 | O30: =('Raw Data'!F32+Bill!$O$2)*Bill!$AD30 -> 0 | P30: =('Raw Data'!F32+Bill!$P$2)*Bill!$AE30 -> 157 | Q30: =Bill!$Z30*('Raw Data'!$E32+$Q$2) -> 0 | R30: =('Raw Data'!F32+Bill!$R$2)*Bill!$AF30 -> 0 | S30: =('Raw Data'!G32/100)*Bill!$AG30 -> 0 | T30: =SUM(Bill!$L30:$R30) -> 3146 | U30: 3146 | W30: =Bill!$U30-Bill!$T30 -> 0 | Y30: ='Raw Data'!D32 -> 45588 | Z30: 0 | AA30: 5.5 | AB30: 8 | AC30: 3 | AD30: 0 | AE30: 1 | AF30: 0 | AG30: 0
A31: =Bill!$Y31 -> 45589 | B31: ='Raw Data'!E33+Bill!$L$2 -> 162 | C31: ='Raw Data'!E33+Bill!$M$2 -> 167 | D31: =('Raw Data'!$F33*2)-10 -> 254 | E31: ='Raw Data'!F33+Bill!$O$2 -> 152 | F31: ='Raw Data'!F33+Bill!$P$2 -> 157 | H31: =('Raw Data'!F33+Bill!$R$2) -> 152 | I31: ='Raw Data'!G33/100 -> 5.85 | K31: =Bill!$Y31 -> 45589 | L31: =Bill!$AA31*('Raw Data'!$E33+$L$2) -> 810 | M31: =Bill!$AB31*('Raw Data'!$E33+$M$2) -> 1336 | N31: =(('Raw Data'!$F33 * 2)-10)*Bill!$AC31 -> 1270 | O31: =('Raw Data'!F33+Bill!$O$2)*Bill!$AD31 -> 0 | P31: =('Raw Data'!F33+Bill!$P$2)*Bill!$AE31 -> 314 | Q31: =Bill!$Z31*('Raw Data'!$E33+$Q$2) -> 0 | R31: =('Raw Data'!F33+Bill!$R$2)*Bill!$AF31 -> 0 | S31: =('Raw Data'!G33/100)*Bill!$AG31 -> 526.5 | T31: =SUM(Bill!$L31:$R31) -> 3730 | U31: 3754 | W31: =Bill!$U31-Bill!$T31 -> 24 | Y31: ='Raw Data'!D33 -> 45589 | Z31: 0 | AA31: 5 | AB31: 8 | AC31: 5 | AD31: 0 | AE31: 2 | AF31: 0 | AG31: 90
A32: =Bill!$Y32 -> 45590 | B32: ='Raw Data'!E34+Bill!$L$2 -> 162 | C32: ='Raw Data'!E34+Bill!$M$2 -> 167 | D32: =('Raw Data'!$F34*2)-10 -> 258 | E32: ='Raw Data'!F34+Bill!$O$2 -> 154 | F32: ='Raw Data'!F34+Bill!$P$2 -> 159 | H32: =('Raw Data'!F34+Bill!$R$2) -> 154 | I32: ='Raw Data'!G34/100 -> 5.85 | K32: =Bill!$Y32 -> 45590 | L32: =Bill!$AA32*('Raw Data'!$E34+$L$2) -> 2718.36 | M32: =Bill!$AB32*('Raw Data'!$E34+$M$2) -> 1336 | N32: =(('Raw Data'!$F34 * 2)-10)*Bill!$AC32 -> 1290 | O32: =('Raw Data'!F34+Bill!$O$2)*Bill!$AD32 -> 154 | P32: =('Raw Data'!F34+Bill!$P$2)*Bill!$AE32 -> 0 | Q32: =Bill!$Z32*('Raw Data'!$E34+$Q$2) -> 0 | R32: =('Raw Data'!F34+Bill!$R$2)*Bill!$AF32 -> 0 | S32: =('Raw Data'!G34/100)*Bill!$AG32 -> 0 | T32: =SUM(Bill!$L32:$R32) -> 5498.36 | U32: 5494 | W32: =Bill!$U32-Bill!$T32 -> -4.36 | Y32: ='Raw Data'!D34 -> 45590 | Z32: 0 | AA32: 16.78 | AB32: 8 | AC32: 5 | AD32: 1 | AE32: 0 | AF32: 0 | AG32: 0
A33: =Bill!$Y33 -> 45591 | B33: ='Raw Data'!E35+Bill!$L$2 -> 164 | C33: ='Raw Data'!E35+Bill!$M$2 -> 169 | D33: =('Raw Data'!$F35*2)-10 -> 258 | E33: ='Raw Data'!F35+Bill!$O$2 -> 154 | F33: ='Raw Data'!F35+Bill!$P$2 -> 159 | H33: =('Raw Data'!F35+Bill!$R$2) -> 154 | I33: ='Raw Data'!G35/100 -> 5.85 | K33: =Bill!$Y33 -> 45591 | L33: =Bill!$AA33*('Raw Data'!$E35+$L$2) -> 1968 | M33: =Bill!$AB33*('Raw Data'!$E35+$M$2) -> 2535 | N33: =(('Raw Data'!$F35 * 2)-10)*Bill!$AC33 -> 1032 | O33: =('Raw Data'!F35+Bill!$O$2)*Bill!$AD33 -> 0 | P33: =('Raw Data'!F35+Bill!$P$2)*Bill!$AE33 -> 318 | Q33: =Bill!$Z33*('Raw Data'!$E35+$Q$2) -> 0 | R33: =('Raw Data'!F35+Bill!$R$2)*Bill!$AF33 -> 0 | S33: =('Raw Data'!G35/100)*Bill!$AG33 -> 877.5 | T33: =SUM(Bill!$L33:$R33) -> 5853 | U33: 5853 | W33: =Bill!$U33-Bill!$T33 -> 0 | Y33: ='Raw Data'!D35 -> 45591 | Z33: 0 | AA33: 12 | AB33: 15 | AC33: 4 | AD33: 0 | AE33: 2 | AF33: 0 | AG33: 150
A34: =Bill!$Y34 -> 45592 | B34: ='Raw Data'!E36+Bill!$L$2 -> 166 | C34: ='Raw Data'!E36+Bill!$M$2 -> 171 | D34: =('Raw Data'!$F36*2)-10 -> 262 | E34: ='Raw Data'!F36+Bill!$O$2 -> 156 | F34: ='Raw Data'!F36+Bill!$P$2 -> 161 | H34: =('Raw Data'!F36+Bill!$R$2) -> 156 | I34: ='Raw Data'!G36/100 -> 5.85 | K34: =Bill!$Y34 -> 45592 | L34: =Bill!$AA34*('Raw Data'!$E36+$L$2) -> 1759.6 | M34: =Bill!$AB34*('Raw Data'!$E36+$M$2) -> 855 | N34: =(('Raw Data'!$F36 * 2)-10)*Bill!$AC34 -> 1310 | O34: =('Raw Data'!F36+Bill!$O$2)*Bill!$AD34 -> 312 | P34: =('Raw Data'!F36+Bill!$P$2)*Bill!$AE34 -> 322 | Q34: =Bill!$Z34*('Raw Data'!$E36+$Q$2) -> 0 | R34: =('Raw Data'!F36+Bill!$R$2)*Bill!$AF34 -> 0 | S34: =('Raw Data'!G36/100)*Bill!$AG34 -> 0 | T34: =SUM(Bill!$L34:$R34) -> 4558.6 | U34: 4559 | W34: =Bill!$U34-Bill!$T34 -> 0.4 | Y34: ='Raw Data'!D36 -> 45592 | Z34: 0 | AA34: 10.6 | AB34: 5 | AC34: 5 | AD34: 2 | AE34: 2 | AF34: 0 | AG34: 0
A35: =Bill!$Y35 -> 45593 | B35: ='Raw Data'!E37+Bill!$L$2 -> 168 | C35: ='Raw Data'!E37+Bill!$M$2 -> 173 | D35: =('Raw Data'!$F37*2)-10 -> 262 | E35: ='Raw Data'!F37+Bill!$O$2 -> 156 | F35: ='Raw Data'!F37+Bill!$P$2 -> 161 | H35: =('Raw Data'!F37+Bill!$R$2) -> 156 | I35: ='Raw Data'!G37/100 -> 5.8 | K35: =Bill!$Y35 -> 45593 | L35: =Bill!$AA35*('Raw Data'!$E37+$L$2) -> 0 | M35: =Bill!$AB35*('Raw Data'!$E37+$M$2) -> 865 | N35: =(('Raw Data'!$F37 * 2)-10)*Bill!$AC35 -> 1048 | O35: =('Raw Data'!F37+Bill!$O$2)*Bill!$AD35 -> 0 | P35: =('Raw Data'!F37+Bill!$P$2)*Bill!$AE35 -> 483 | Q35: =Bill!$Z35*('Raw Data'!$E37+$Q$2) -> 0 | R35: =('Raw Data'!F37+Bill!$R$2)*Bill!$AF35 -> 0 | S35: =('Raw Data'!G37/100)*Bill!$AG35 -> 0 | T35: =SUM(Bill!$L35:$R35) -> 2396 | U35: 2393 | W35: =Bill!$U35-Bill!$T35 -> -3 | Y35: ='Raw Data'!D37 -> 45593 | Z35: 0 | AA35: 0 | AB35: 5 | AC35: 4 | AD35: 0 | AE35: 3 | AF35: 0 | AG35: 0
A36: =Bill!$Y36 -> 45594 | B36: ='Raw Data'!E38+Bill!$L$2 -> 168 | C36: ='Raw Data'!E38+Bill!$M$2 -> 173 | D36: =('Raw Data'!$F38*2)-10 -> 262 | E36: ='Raw Data'!F38+Bill!$O$2 -> 156 | F36: ='Raw Data'!F38+Bill!$P$2 -> 161 | H36: =('Raw Data'!F38+Bill!$R$2) -> 156 | I36: ='Raw Data'!G38/100 -> 5.9 | K36: =Bill!$Y36 -> 45594 | L36: =Bill!$AA36*('Raw Data'!$E38+$L$2) -> 823.2 | M36: =Bill!$AB36*('Raw Data'!$E38+$M$2) -> 519 | N36: =(('Raw Data'!$F38 * 2)-10)*Bill!$AC36 -> 786 | O36: =('Raw Data'!F38+Bill!$O$2)*Bill!$AD36 -> 0 | P36: =('Raw Data'!F38+Bill!$P$2)*Bill!$AE36 -> 322 | Q36: =Bill!$Z36*('Raw Data'!$E38+$Q$2) -> 0 | R36: =('Raw Data'!F38+Bill!$R$2)*Bill!$AF36 -> 0 | S36: =('Raw Data'!G38/100)*Bill!$AG36 -> 0 | T36: =SUM(Bill!$L36:$R36) -> 2450.2 | U36: 2128 | W36: =Bill!$U36-Bill!$T36 -> -322.2 | Y36: ='Raw Data'!D38 -> 45594 | Z36: 0 | AA36: 4.9 | AB36: 3 | AC36: 3 | AD36: 0 | AE36: 2 | AF36: 0 | AG36: 0
A37: =Bill!$Y37 -> 45595 | B37: ='Raw Data'!E39+Bill!$L$2 -> 168 | C37: ='Raw Data'!E39+Bill!$M$2 -> 173 | D37: =('Raw Data'!$F39*2)-10 -> 262 | E37: ='Raw Data'!F39+Bill!$O$2 -> 156 | F37: ='Raw Data'!F39+Bill!$P$2 -> 161 | H37: =('Raw Data'!F39+Bill!$R$2) -> 156 | I37: ='Raw Data'!G39/100 -> 5.9 | K37: =Bill!$Y37 -> 45595 | L37: =Bill!$AA37*('Raw Data'!$E39+$L$2) -> 1713.6 | M37: =Bill!$AB37*('Raw Data'!$E39+$M$2) -> 2076 | N37: =(('Raw Data'!$F39 * 2)-10)*Bill!$AC37 -> 1048 | O37: =('Raw Data'!F39+Bill!$O$2)*Bill!$AD37 -> 312 | P37: =('Raw Data'!F39+Bill!$P$2)*Bill!$AE37 -> 322 | Q37: =Bill!$Z37*('Raw Data'!$E39+$Q$2) -> 0 | R37: =('Raw Data'!F39+Bill!$R$2)*Bill!$AF37 -> 0 | S37: =('Raw Data'!G39/100)*Bill!$AG37 -> 885 | T37: =SUM(Bill!$L37:$R37) -> 5471.6 | U37: 5472 | W37: =Bill!$U37-Bill!$T37 -> 0.4 | Y37: ='Raw Data'!D39 -> 45595 | Z37: 0 | AA37: 10.2 | AB37: 12 | AC37: 4 | AD37: 2 | AE37: 2 | AF37: 0 | AG37: 150
A38: =Bill!$Y38 -> 45596 | B38: ='Raw Data'!E40+Bill!$L$2 -> 168 | C38: ='Raw Data'!E40+Bill!$M$2 -> 173 | D38: =('Raw Data'!$F40*2)-10 -> 262 | E38: ='Raw Data'!F40+Bill!$O$2 -> 156 | F38: ='Raw Data'!F40+Bill!$P$2 -> 161 | H38: =('Raw Data'!F40+Bill!$R$2) -> 156 | I38: ='Raw Data'!G40/100 -> 6.06 | K38: =Bill!$Y38 -> 45596 | L38: =Bill!$AA38*('Raw Data'!$E40+$L$2) -> 1512 | M38: =Bill!$AB38*('Raw Data'!$E40+$M$2) -> 2595 | N38: =(('Raw Data'!$F40 * 2)-10)*Bill!$AC38 -> 1048 | O38: =('Raw Data'!F40+Bill!$O$2)*Bill!$AD38 -> 0 | P38: =('Raw Data'!F40+Bill!$P$2)*Bill!$AE38 -> 483 | Q38: =Bill!$Z38*('Raw Data'!$E40+$Q$2) -> 0 | R38: =('Raw Data'!F40+Bill!$R$2)*Bill!$AF38 -> 0 | S38: =('Raw Data'!G40/100)*Bill!$AG38 -> 0 | T38: =SUM(Bill!$L38:$R38) -> 5638 | U38: 5638 | W38: =Bill!$U38-Bill!$T38 -> 0 | Y38: ='Raw Data'!D40 -> 45596 | Z38: 0 | AA38: 9 | AB38: 15 | AC38: 4 | AD38: 0 | AE38: 3 | AF38: 0 | AG38: 0
A39: =Bill!$Y39 -> 45597 | B39: ='Raw Data'!E41+Bill!$L$2 -> 168 | C39: ='Raw Data'!E41+Bill!$M$2 -> 173 | D39: =('Raw Data'!$F41*2)-10 -> 266 | E39: ='Raw Data'!F41+Bill!$O$2 -> 158 | F39: ='Raw Data'!F41+Bill!$P$2 -> 163 | H39: =('Raw Data'!F41+Bill!$R$2) -> 158 | I39: ='Raw Data'!G41/100 -> 6.06 | K39: =Bill!$Y39 -> 45597 | L39: =Bill!$AA39*('Raw Data'!$E41+$L$2) -> 873.6 | M39: =Bill!$AB39*('Raw Data'!$E41+$M$2) -> 1730 | N39: =(('Raw Data'!$F41 * 2)-10)*Bill!$AC39 -> 1330 | O39: =('Raw Data'!F41+Bill!$O$2)*Bill!$AD39 -> 316 | P39: =('Raw Data'!F41+Bill!$P$2)*Bill!$AE39 -> 326 | Q39: =Bill!$Z39*('Raw Data'!$E41+$Q$2) -> 0 | R39: =('Raw Data'!F41+Bill!$R$2)*Bill!$AF39 -> 0 | S39: =('Raw Data'!G41/100)*Bill!$AG39 -> 0 | T39: =SUM(Bill!$L39:$R39) -> 4575.6 | U39: 4592 | W39: =Bill!$U39-Bill!$T39 -> 16.4 | Y39: ='Raw Data'!D41 -> 45597 | Z39: 0 | AA39: 5.2 | AB39: 10 | AC39: 5 | AD39: 2 | AE39: 2 | AF39: 0 | AG39: 0
A40: =Bill!$Y40 -> 45598 | B40: ='Raw Data'!E42+Bill!$L$2 -> 168 | C40: ='Raw Data'!E42+Bill!$M$2 -> 173 | D40: =('Raw Data'!$F42*2)-10 -> 278 | E40: ='Raw Data'!F42+Bill!$O$2 -> 164 | F40: ='Raw Data'!F42+Bill!$P$2 -> 169 | H40: =('Raw Data'!F42+Bill!$R$2) -> 164 | I40: ='Raw Data'!G42/100 -> 6.06 | K40: =Bill!$Y40 -> 45598 | L40: =Bill!$AA40*('Raw Data'!$E42+$L$2) -> 2486.4 | M40: =Bill!$AB40*('Raw Data'!$E42+$M$2) -> 2595 | N40: =(('Raw Data'!$F42 * 2)-10)*Bill!$AC40 -> 1668 | O40: =('Raw Data'!F42+Bill!$O$2)*Bill!$AD40 -> 164 | P40: =('Raw Data'!F42+Bill!$P$2)*Bill!$AE40 -> 338 | Q40: =Bill!$Z40*('Raw Data'!$E42+$Q$2) -> 0 | R40: =('Raw Data'!F42+Bill!$R$2)*Bill!$AF40 -> 0 | S40: =('Raw Data'!G42/100)*Bill!$AG40 -> 909 | T40: =SUM(Bill!$L40:$R40) -> 7251.4 | U40: 7252 | W40: =Bill!$U40-Bill!$T40 -> 0.6 | Y40: ='Raw Data'!D42 -> 45598 | Z40: 0 | AA40: 14.8 | AB40: 15 | AC40: 6 | AD40: 1 | AE40: 2 | AF40: 0 | AG40: 150
A41: =Bill!$Y41 -> 45599 | B41: ='Raw Data'!E43+Bill!$L$2 -> 170 | C41: ='Raw Data'!E43+Bill!$M$2 -> 175 | D41: =('Raw Data'!$F43*2)-10 -> 290 | E41: ='Raw Data'!F43+Bill!$O$2 -> 170 | F41: ='Raw Data'!F43+Bill!$P$2 -> 175 | H41: =('Raw Data'!F43+Bill!$R$2) -> 170 | I41: ='Raw Data'!G43/100 -> 6.06 | K41: =Bill!$Y41 -> 45599 | L41: =Bill!$AA41*('Raw Data'!$E43+$L$2) -> 527 | M41: =Bill!$AB41*('Raw Data'!$E43+$M$2) -> 875 | N41: =(('Raw Data'!$F43 * 2)-10)*Bill!$AC41 -> 870 | O41: =('Raw Data'!F43+Bill!$O$2)*Bill!$AD41 -> 0 | P41: =('Raw Data'!F43+Bill!$P$2)*Bill!$AE41 -> 350 | Q41: =Bill!$Z41*('Raw Data'!$E43+$Q$2) -> 0 | R41: =('Raw Data'!F43+Bill!$R$2)*Bill!$AF41 -> 0 | S41: =('Raw Data'!G43/100)*Bill!$AG41 -> 0 | T41: =SUM(Bill!$L41:$R41) -> 2622 | U41: 2622 | W41: =Bill!$U41-Bill!$T41 -> 0 | Y41: ='Raw Data'!D43 -> 45599 | Z41: 0 | AA41: 3.1 | AB41: 5 | AC41: 3 | AE41: 2 | AF41: 0 | AG41: 0
A42: =Bill!$Y42 -> 45600 | B42: ='Raw Data'!E44+Bill!$L$2 -> 170 | C42: ='Raw Data'!E44+Bill!$M$2 -> 175 | D42: =('Raw Data'!$F44*2)-10 -> 290 | E42: ='Raw Data'!F44+Bill!$O$2 -> 170 | F42: ='Raw Data'!F44+Bill!$P$2 -> 175 | H42: =('Raw Data'!F44+Bill!$R$2) -> 170 | I42: ='Raw Data'!G44/100 -> 6.06 | K42: =Bill!$Y42 -> 45600 | L42: =Bill!$AA42*('Raw Data'!$E44+$L$2) -> 748 | M42: =Bill!$AB42*('Raw Data'!$E44+$M$2) -> 875 | N42: =(('Raw Data'!$F44 * 2)-10)*Bill!$AC42 -> 1740 | O42: =('Raw Data'!F44+Bill!$O$2)*Bill!$AD42 -> 323 | P42: =('Raw Data'!F44+Bill!$P$2)*Bill!$AE42 -> 0 | Q42: =Bill!$Z42*('Raw Data'!$E44+$Q$2) -> 0 | R42: =('Raw Data'!F44+Bill!$R$2)*Bill!$AF42 -> 0 | S42: =('Raw Data'!G44/100)*Bill!$AG42 -> 545.4 | T42: =SUM(Bill!$L42:$R42) -> 3686 | U42: 3686 | W42: =Bill!$U42-Bill!$T42 -> 0 | Y42: ='Raw Data'!D44 -> 45600 | Z42: 0 | AA42: 4.4 | AB42: 5 | AC42: 6 | AD42: 1.9 | AE42: 0 | AF42: 0 | AG42: 90
A43: =Bill!$Y43 -> 45601 | B43: ='Raw Data'!E45+Bill!$L$2 -> 170 | C43: ='Raw Data'!E45+Bill!$M$2 -> 175 | D43: =('Raw Data'!$F45*2)-10 -> 282 | E43: ='Raw Data'!F45+Bill!$O$2 -> 166 | F43: ='Raw Data'!F45+Bill!$P$2 -> 171 | H43: =('Raw Data'!F45+Bill!$R$2) -> 166 | I43: ='Raw Data'!G45/100 -> 6.06 | K43: =Bill!$Y43 -> 45601 | L43: =Bill!$AA43*('Raw Data'!$E45+$L$2) -> 0 | M43: =Bill!$AB43*('Raw Data'!$E45+$M$2) -> 875 | N43: =(('Raw Data'!$F45 * 2)-10)*Bill!$AC43 -> 564 | O43: =('Raw Data'!F45+Bill!$O$2)*Bill!$AD43 -> 0 | P43: =('Raw Data'!F45+Bill!$P$2)*Bill!$AE43 -> 0 | Q43: =Bill!$Z43*('Raw Data'!$E45+$Q$2) -> 0 | R43: =('Raw Data'!F45+Bill!$R$2)*Bill!$AF43 -> 0 | S43: =('Raw Data'!G45/100)*Bill!$AG43 -> 0 | T43: =SUM(Bill!$L43:$R43) -> 1439 | U43: 1439 | W43: =Bill!$U43-Bill!$T43 -> 0 | Y43: ='Raw Data'!D45 -> 45601 | Z43: 0 | AA43: 0 | AB43: 5 | AC43: 2 | AD43: 0 | AE43: 0 | AF43: 0 | AG43: 0
A44: =Bill!$Y44 -> 45602 | B44: ='Raw Data'!E46+Bill!$L$2 -> 170 | C44: ='Raw Data'!E46+Bill!$M$2 -> 175 | D44: =('Raw Data'!$F46*2)-10 -> 272 | E44: ='Raw Data'!F46+Bill!$O$2 -> 161 | F44: ='Raw Data'!F46+Bill!$P$2 -> 166 | H44: =('Raw Data'!F46+Bill!$R$2) -> 161 | I44: ='Raw Data'!G46/100 -> 6.11 | K44: =Bill!$Y44 -> 45602 | L44: =Bill!$AA44*('Raw Data'!$E46+$L$2) -> 1683 | M44: =Bill!$AB44*('Raw Data'!$E46+$M$2) -> 1400 | N44: =(('Raw Data'!$F46 * 2)-10)*Bill!$AC44 -> 1088 | O44: =('Raw Data'!F46+Bill!$O$2)*Bill!$AD44 -> 0 | P44: =('Raw Data'!F46+Bill!$P$2)*Bill!$AE44 -> 0 | Q44: =Bill!$Z44*('Raw Data'!$E46+$Q$2) -> 0 | R44: =('Raw Data'!F46+Bill!$R$2)*Bill!$AF44 -> 0 | S44: =('Raw Data'!G46/100)*Bill!$AG44 -> 916.5 | T44: =SUM(Bill!$L44:$R44) -> 4171 | U44: 4171 | W44: =Bill!$U44-Bill!$T44 -> 0 | Y44: ='Raw Data'!D46 -> 45602 | Z44: 0 | AA44: 9.9 | AB44: 8 | AC44: 4 | AD44: 0 | AE44: 0 | AF44: 0 | AG44: 150
A45: =Bill!$Y45 -> 45603 | B45: ='Raw Data'!E47+Bill!$L$2 -> 168 | C45: ='Raw Data'!E47+Bill!$M$2 -> 173 | D45: =('Raw Data'!$F47*2)-10 -> 272 | E45: ='Raw Data'!F47+Bill!$O$2 -> 161 | F45: ='Raw Data'!F47+Bill!$P$2 -> 166 | H45: =('Raw Data'!F47+Bill!$R$2) -> 161 | I45: ='Raw Data'!G47/100 -> 6.11 | K45: =Bill!$Y45 -> 45603 | L45: =Bill!$AA45*('Raw Data'!$E47+$L$2) -> 1251.6 | M45: =Bill!$AB45*('Raw Data'!$E47+$M$2) -> 1730 | N45: =(('Raw Data'!$F47 * 2)-10)*Bill!$AC45 -> 1360 | O45: =('Raw Data'!F47+Bill!$O$2)*Bill!$AD45 -> 0 | P45: =('Raw Data'!F47+Bill!$P$2)*Bill!$AE45 -> 332 | Q45: =Bill!$Z45*('Raw Data'!$E47+$Q$2) -> 0 | R45: =('Raw Data'!F47+Bill!$R$2)*Bill!$AF45 -> 0 | S45: =('Raw Data'!G47/100)*Bill!$AG45 -> 0 | T45: =SUM(Bill!$L45:$R45) -> 4673.6 | U45: 4673 | W45: =Bill!$U45-Bill!$T45 -> -0.6 | Y45: ='Raw Data'!D47 -> 45603 | Z45: 0 | AA45: 7.45 | AB45: 10 | AC45: 5 | AD45: 0 | AE45: 2 | AF45: 0 | AG45: 0
A46: =Bill!$Y46 -> 45604 | B46: ='Raw Data'!E48+Bill!$L$2 -> 168 | C46: ='Raw Data'!E48+Bill!$M$2 -> 173 | D46: =('Raw Data'!$F48*2)-10 -> 272 | E46: ='Raw Data'!F48+Bill!$O$2 -> 161 | F46: ='Raw Data'!F48+Bill!$P$2 -> 166 | H46: =('Raw Data'!F48+Bill!$R$2) -> 161 | I46: ='Raw Data'!G48/100 -> 6.15 | K46: =Bill!$Y46 -> 45604 | L46: =Bill!$AA46*('Raw Data'!$E48+$L$2) -> 1848 | M46: =Bill!$AB46*('Raw Data'!$E48+$M$2) -> 3460 | N46: =(('Raw Data'!$F48 * 2)-10)*Bill!$AC46 -> 816 | O46: =('Raw Data'!F48+Bill!$O$2)*Bill!$AD46 -> 322 | P46: =('Raw Data'!F48+Bill!$P$2)*Bill!$AE46 -> 0 | Q46: =Bill!$Z46*('Raw Data'!$E48+$Q$2) -> 0 | R46: =('Raw Data'!F48+Bill!$R$2)*Bill!$AF46 -> 0 | S46: =('Raw Data'!G48/100)*Bill!$AG46 -> 0 | T46: =SUM(Bill!$L46:$R46) -> 6446 | U46: 6446 | W46: =Bill!$U46-Bill!$T46 -> 0 | Y46: ='Raw Data'!D48 -> 45604 | Z46: 0 | AA46: 11 | AB46: 20 | AC46: 3 | AD46: 2 | AE46: 0 | AF46: 0 | AG46: 0
A47: =Bill!$Y47 -> 45605 | B47: ='Raw Data'!E49+Bill!$L$2 -> 168 | C47: ='Raw Data'!E49+Bill!$M$2 -> 173 | D47: =('Raw Data'!$F49*2)-10 -> 272 | E47: ='Raw Data'!F49+Bill!$O$2 -> 161 | F47: ='Raw Data'!F49+Bill!$P$2 -> 166 | H47: =('Raw Data'!F49+Bill!$R$2) -> 161 | I47: ='Raw Data'!G49/100 -> 6.15 | K47: =Bill!$Y47 -> 45605 | L47: =Bill!$AA47*('Raw Data'!$E49+$L$2) -> 1562.4 | M47: =Bill!$AB47*('Raw Data'!$E49+$M$2) -> 2595 | N47: =(('Raw Data'!$F49 * 2)-10)*Bill!$AC47 -> 1632 | O47: =('Raw Data'!F49+Bill!$O$2)*Bill!$AD47 -> 0 | P47: =('Raw Data'!F49+Bill!$P$2)*Bill!$AE47 -> 0 | Q47: =Bill!$Z47*('Raw Data'!$E49+$Q$2) -> 0 | R47: =('Raw Data'!F49+Bill!$R$2)*Bill!$AF47 -> 0 | S47: =('Raw Data'!G49/100)*Bill!$AG47 -> 553.5 | T47: =SUM(Bill!$L47:$R47) -> 5789.4 | U47: 5789 | W47: =Bill!$U47-Bill!$T47 -> -0.4 | Y47: ='Raw Data'!D49 -> 45605 | Z47: 0 | AA47: 9.3 | AB47: 15 | AC47: 6 | AD47: 0 | AE47: 0 | AF47: 0 | AG47: 90
A48: =Bill!$Y48 -> 45606 | B48: ='Raw Data'!E50+Bill!$L$2 -> 168 | C48: ='Raw Data'!E50+Bill!$M$2 -> 173 | D48: =('Raw Data'!$F50*2)-10 -> 268 | E48: ='Raw Data'!F50+Bill!$O$2 -> 159 | F48: ='Raw Data'!F50+Bill!$P$2 -> 164 | H48: =('Raw Data'!F50+Bill!$R$2) -> 159 | I48: ='Raw Data'!G50/100 -> 6.15 | K48: =Bill!$Y48 -> 45606 | L48: =Bill!$AA48*('Raw Data'!$E50+$L$2) -> 0 | M48: =Bill!$AB48*('Raw Data'!$E50+$M$2) -> 519 | N48: =(('Raw Data'!$F50 * 2)-10)*Bill!$AC48 -> 2144 | O48: =('Raw Data'!F50+Bill!$O$2)*Bill!$AD48 -> 0 | P48: =('Raw Data'!F50+Bill!$P$2)*Bill!$AE48 -> 328 | Q48: =Bill!$Z48*('Raw Data'!$E50+$Q$2) -> 0 | R48: =('Raw Data'!F50+Bill!$R$2)*Bill!$AF48 -> 564.45 | S48: =('Raw Data'!G50/100)*Bill!$AG48 -> 0 | T48: =SUM(Bill!$L48:$R48) -> 3555.45 | U48: 3587 | W48: =Bill!$U48-Bill!$T48 -> 31.55 | Y48: ='Raw Data'!D50 -> 45606 | Z48: 0 | AA48: 0 | AB48: 3 | AC48: 8 | AE48: 2 | AF48: 3.55 | AG48: 0
A49: =Bill!$Y49 -> 45607 | B49: ='Raw Data'!E51+Bill!$L$2 -> 168 | C49: ='Raw Data'!E51+Bill!$M$2 -> 173 | D49: =('Raw Data'!$F51*2)-10 -> 268 | E49: ='Raw Data'!F51+Bill!$O$2 -> 159 | F49: ='Raw Data'!F51+Bill!$P$2 -> 164 | H49: =('Raw Data'!F51+Bill!$R$2) -> 159 | I49: ='Raw Data'!G51/100 -> 6.15 | K49: =Bill!$Y49 -> 45607 | L49: =Bill!$AA49*('Raw Data'!$E51+$L$2) -> 1848 | M49: =Bill!$AB49*('Raw Data'!$E51+$M$2) -> 3114 | N49: =(('Raw Data'!$F51 * 2)-10)*Bill!$AC49 -> 2144 | O49: =('Raw Data'!F51+Bill!$O$2)*Bill!$AD49 -> 492.9 | P49: =('Raw Data'!F51+Bill!$P$2)*Bill!$AE49 -> 328 | Q49: =Bill!$Z49*('Raw Data'!$E51+$Q$2) -> 0 | R49: =('Raw Data'!F51+Bill!$R$2)*Bill!$AF49 -> 0 | S49: =('Raw Data'!G51/100)*Bill!$AG49 -> 922.5 | T49: =SUM(Bill!$L49:$R49) -> 7926.9 | U49: 7927 | W49: =Bill!$U49-Bill!$T49 -> 0.1 | Y49: ='Raw Data'!D51 -> 45607 | Z49: 0 | AA49: 11 | AB49: 18 | AC49: 8 | AD49: 3.1 | AE49: 2 | AF49: 0 | AG49: 150
A50: =Bill!$Y50 -> 45608 | B50: ='Raw Data'!E52+Bill!$L$2 -> 166 | C50: ='Raw Data'!E52+Bill!$M$2 -> 171 | D50: =('Raw Data'!$F52*2)-10 -> 262 | E50: ='Raw Data'!F52+Bill!$O$2 -> 156 | F50: ='Raw Data'!F52+Bill!$P$2 -> 161 | H50: =('Raw Data'!F52+Bill!$R$2) -> 156 | I50: ='Raw Data'!G52/100 -> 6.15 | K50: =Bill!$Y50 -> 45608 | L50: =Bill!$AA50*('Raw Data'!$E52+$L$2) -> 747 | M50: =Bill!$AB50*('Raw Data'!$E52+$M$2) -> 0 | N50: =(('Raw Data'!$F52 * 2)-10)*Bill!$AC50 -> 1310 | O50: =('Raw Data'!F52+Bill!$O$2)*Bill!$AD50 -> 0 | P50: =('Raw Data'!F52+Bill!$P$2)*Bill!$AE50 -> 483 | Q50: =Bill!$Z50*('Raw Data'!$E52+$Q$2) -> 0 | R50: =('Raw Data'!F52+Bill!$R$2)*Bill!$AF50 -> 0 | S50: =('Raw Data'!G52/100)*Bill!$AG50 -> 0 | T50: =SUM(Bill!$L50:$R50) -> 2540 | U50: 2562 | W50: =Bill!$U50-Bill!$T50 -> 22 | Y50: ='Raw Data'!D52 -> 45608 | Z50: 0 | AA50: 4.5 | AB50: 0 | AC50: 5 | AD50: 0 | AE50: 3 | AF50: 0 | AG50: 0
A51: =Bill!$Y51 -> 45609 | B51: ='Raw Data'!E53+Bill!$L$2 -> 162 | C51: ='Raw Data'!E53+Bill!$M$2 -> 167 | D51: =('Raw Data'!$F53*2)-10 -> 250 | E51: ='Raw Data'!F53+Bill!$O$2 -> 150 | F51: ='Raw Data'!F53+Bill!$P$2 -> 155 | H51: =('Raw Data'!F53+Bill!$R$2) -> 150 | I51: ='Raw Data'!G53/100 -> 6 | K51: =Bill!$Y51 -> 45609 | L51: =Bill!$AA51*('Raw Data'!$E53+$L$2) -> 1684.8 | M51: =Bill!$AB51*('Raw Data'!$E53+$M$2) -> 2004 | N51: =(('Raw Data'!$F53 * 2)-10)*Bill!$AC51 -> 2000 | O51: =('Raw Data'!F53+Bill!$O$2)*Bill!$AD51 -> 0 | P51: =('Raw Data'!F53+Bill!$P$2)*Bill!$AE51 -> 465 | Q51: =Bill!$Z51*('Raw Data'!$E53+$Q$2) -> 0 | R51: =('Raw Data'!F53+Bill!$R$2)*Bill!$AF51 -> 0 | S51: =('Raw Data'!G53/100)*Bill!$AG51 -> 1260 | T51: =SUM(Bill!$L51:$R51) -> 6153.8 | U51: 6153 | W51: =Bill!$U51-Bill!$T51 -> -0.8 | Y51: ='Raw Data'!D53 -> 45609 | Z51: 0 | AA51: 10.4 | AB51: 12 | AC51: 8 | AD51: 0 | AE51: 3 | AF51: 0 | AG51: 210
A52: =Bill!$Y52 -> 45610 | B52: ='Raw Data'!E54+Bill!$L$2 -> 158 | C52: ='Raw Data'!E54+Bill!$M$2 -> 163 | D52: =('Raw Data'!$F54*2)-10 -> 238 | E52: ='Raw Data'!F54+Bill!$O$2 -> 144 | F52: ='Raw Data'!F54+Bill!$P$2 -> 149 | H52: =('Raw Data'!F54+Bill!$R$2) -> 144 | I52: ='Raw Data'!G54/100 -> 6 | K52: =Bill!$Y52 -> 45610 | L52: =Bill!$AA52*('Raw Data'!$E54+$L$2) -> 900.6 | M52: =Bill!$AB52*('Raw Data'!$E54+$M$2) -> 1972.3 | N52: =(('Raw Data'!$F54 * 2)-10)*Bill!$AC52 -> 2380 | O52: =('Raw Data'!F54+Bill!$O$2)*Bill!$AD52 -> 0 | P52: =('Raw Data'!F54+Bill!$P$2)*Bill!$AE52 -> 298 | Q52: =Bill!$Z52*('Raw Data'!$E54+$Q$2) -> 0 | R52: =('Raw Data'!F54+Bill!$R$2)*Bill!$AF52 -> 0 | S52: =('Raw Data'!G54/100)*Bill!$AG52 -> 0 | T52: =SUM(Bill!$L52:$R52) -> 5550.9 | U52: 5551 | W52: =Bill!$U52-Bill!$T52 -> 0.1 | Y52: ='Raw Data'!D54 -> 45610 | Z52: 0 | AA52: 5.7 | AB52: 12.1 | AC52: 10 | AD52: 0 | AE52: 2 | AF52: 0 | AG52: 0
A53: =Bill!$Y53 -> 45611 | B53: ='Raw Data'!E55+Bill!$L$2 -> 156 | C53: ='Raw Data'!E55+Bill!$M$2 -> 161 | D53: =('Raw Data'!$F55*2)-10 -> 224 | E53: ='Raw Data'!F55+Bill!$O$2 -> 137 | F53: ='Raw Data'!F55+Bill!$P$2 -> 142 | H53: =('Raw Data'!F55+Bill!$R$2) -> 137 | I53: ='Raw Data'!G55/100 -> 6 | K53: =Bill!$Y53 -> 45611 | L53: =Bill!$AA53*('Raw Data'!$E55+$L$2) -> 670.8 | M53: =Bill!$AB53*('Raw Data'!$E55+$M$2) -> 2415 | N53: =(('Raw Data'!$F55 * 2)-10)*Bill!$AC53 -> 1792 | O53: =('Raw Data'!F55+Bill!$O$2)*Bill!$AD53 -> 0 | P53: =('Raw Data'!F55+Bill!$P$2)*Bill!$AE53 -> 426 | Q53: =Bill!$Z53*('Raw Data'!$E55+$Q$2) -> 0 | R53: =('Raw Data'!F55+Bill!$R$2)*Bill!$AF53 -> 0 | S53: =('Raw Data'!G55/100)*Bill!$AG53 -> 0 | T53: =SUM(Bill!$L53:$R53) -> 5303.8 | U53: 5304 | W53: =Bill!$U53-Bill!$T53 -> 0.2 | Y53: ='Raw Data'!D55 -> 45611 | Z53: 0 | AA53: 4.3 | AB53: 15 | AC53: 8 | AD53: 0 | AE53: 3 | AF53: 0 | AG53: 0
A54: =Bill!$Y54 -> 45612 | B54: ='Raw Data'!E56+Bill!$L$2 -> 156 | C54: ='Raw Data'!E56+Bill!$M$2 -> 161 | D54: =('Raw Data'!$F56*2)-10 -> 224 | E54: ='Raw Data'!F56+Bill!$O$2 -> 137 | F54: ='Raw Data'!F56+Bill!$P$2 -> 142 | H54: =('Raw Data'!F56+Bill!$R$2) -> 137 | I54: ='Raw Data'!G56/100 -> 6 | K54: =Bill!$Y54 -> 45612 | L54: =Bill!$AA54*('Raw Data'!$E56+$L$2) -> 1661.4 | M54: =Bill!$AB54*('Raw Data'!$E56+$M$2) -> 2415 | N54: =(('Raw Data'!$F56 * 2)-10)*Bill!$AC54 -> 1120 | O54: =('Raw Data'!F56+Bill!$O$2)*Bill!$AD54 -> 137 | P54: =('Raw Data'!F56+Bill!$P$2)*Bill!$AE54 -> 0 | Q54: =Bill!$Z54*('Raw Data'!$E56+$Q$2) -> 0 | R54: =('Raw Data'!F56+Bill!$R$2)*Bill!$AF54 -> 0 | S54: =('Raw Data'!G56/100)*Bill!$AG54 -> 1260 | T54: =SUM(Bill!$L54:$R54) -> 5333.4 | U54: 5333 | W54: =Bill!$U54-Bill!$T54 -> -0.4 | Y54: ='Raw Data'!D56 -> 45612 | Z54: 0 | AA54: 10.65 | AB54: 15 | AC54: 5 | AD54: 1 | AE54: 0 | AF54: 0 | AG54: 210
A55: =Bill!$Y55 -> 45613 | B55: ='Raw Data'!E57+Bill!$L$2 -> 156 | C55: ='Raw Data'!E57+Bill!$M$2 -> 161 | D55: =('Raw Data'!$F57*2)-10 -> 224 | E55: ='Raw Data'!F57+Bill!$O$2 -> 137 | F55: ='Raw Data'!F57+Bill!$P$2 -> 142 | H55: =('Raw Data'!F57+Bill!$R$2) -> 137 | I55: ='Raw Data'!G57/100 -> 6.1 | K55: =Bill!$Y55 -> 45613 | L55: =Bill!$AA55*('Raw Data'!$E57+$L$2) -> 2043.6 | M55: =Bill!$AB55*('Raw Data'!$E57+$M$2) -> 2415 | N55: =(('Raw Data'!$F57 * 2)-10)*Bill!$AC55 -> 1792 | O55: =('Raw Data'!F57+Bill!$O$2)*Bill!$AD55 -> 0 | P55: =('Raw Data'!F57+Bill!$P$2)*Bill!$AE55 -> 426 | Q55: =Bill!$Z55*('Raw Data'!$E57+$Q$2) -> 0 | R55: =('Raw Data'!F57+Bill!$R$2)*Bill!$AF55 -> 0 | S55: =('Raw Data'!G57/100)*Bill!$AG55 -> 0 | T55: =SUM(Bill!$L55:$R55) -> 6676.6 | U55: 6674 | W55: =Bill!$U55-Bill!$T55 -> -2.6 | Y55: ='Raw Data'!D57 -> 45613 | Z55: 0 | AA55: 13.1 | AB55: 15 | AC55: 8 | AD55: 0 | AE55: 3 | AF55: 0 | AG55: 0
A56: =Bill!$Y56 -> 45614 | B56: ='Raw Data'!E58+Bill!$L$2 -> 156 | C56: ='Raw Data'!E58+Bill!$M$2 -> 161 | D56: =('Raw Data'!$F58*2)-10 -> 224 | E56: ='Raw Data'!F58+Bill!$O$2 -> 137 | F56: ='Raw Data'!F58+Bill!$P$2 -> 142 | H56: =('Raw Data'!F58+Bill!$R$2) -> 137 | I56: ='Raw Data'!G58/100 -> 6.1 | K56: =Bill!$Y56 -> 45614 | L56: =Bill!$AA56*('Raw Data'!$E58+$L$2) -> 764.4 | M56: =Bill!$AB56*('Raw Data'!$E58+$M$2) -> 1964.2 | N56: =(('Raw Data'!$F58 * 2)-10)*Bill!$AC56 -> 1120 | O56: =('Raw Data'!F58+Bill!$O$2)*Bill!$AD56 -> 164.4 | P56: =('Raw Data'!F58+Bill!$P$2)*Bill!$AE56 -> 0 | Q56: =Bill!$Z56*('Raw Data'!$E58+$Q$2) -> 0 | R56: =('Raw Data'!F58+Bill!$R$2)*Bill!$AF56 -> 404.15 | S56: =('Raw Data'!G58/100)*Bill!$AG56 -> 0 | T56: =SUM(Bill!$L56:$R56) -> 4417.15 | U56: 4418 | W56: =Bill!$U56-Bill!$T56 -> 0.85 | Y56: ='Raw Data'!D58 -> 45614 | Z56: 0 | AA56: 4.9 | AB56: 12.2 | AC56: 5 | AD56: 1.2 | AE56: 0 | AF56: 2.95 | AG56: 0
A57: =Bill!$Y57 -> 45615 | B57: ='Raw Data'!E59+Bill!$L$2 -> 156 | C57: ='Raw Data'!E59+Bill!$M$2 -> 161 | D57: =('Raw Data'!$F59*2)-10 -> 220 | E57: ='Raw Data'!F59+Bill!$O$2 -> 135 | F57: ='Raw Data'!F59+Bill!$P$2 -> 140 | H57: =('Raw Data'!F59+Bill!$R$2) -> 135 | I57: ='Raw Data'!G59/100 -> 6.3 | K57: =Bill!$Y57 -> 45615 | L57: =Bill!$AA57*('Raw Data'!$E59+$L$2) -> 0 | M57: =Bill!$AB57*('Raw Data'!$E59+$M$2) -> 483 | N57: =(('Raw Data'!$F59 * 2)-10)*Bill!$AC57 -> 1320 | O57: =('Raw Data'!F59+Bill!$O$2)*Bill!$AD57 -> 0 | P57: =('Raw Data'!F59+Bill!$P$2)*Bill!$AE57 -> 420 | Q57: =Bill!$Z57*('Raw Data'!$E59+$Q$2) -> 0 | R57: =('Raw Data'!F59+Bill!$R$2)*Bill!$AF57 -> 0 | S57: =('Raw Data'!G59/100)*Bill!$AG57 -> 945 | T57: =SUM(Bill!$L57:$R57) -> 2223 | U57: 2223 | W57: =Bill!$U57-Bill!$T57 -> 0 | Y57: ='Raw Data'!D59 -> 45615 | Z57: 0 | AA57: 0 | AB57: 3 | AC57: 6 | AD57: 0 | AE57: 3 | AF57: 0 | AG57: 150
A58: =Bill!$Y58 -> 45616 | B58: ='Raw Data'!E60+Bill!$L$2 -> 152 | C58: ='Raw Data'!E60+Bill!$M$2 -> 157 | D58: =('Raw Data'!$F60*2)-10 -> 220 | E58: ='Raw Data'!F60+Bill!$O$2 -> 135 | F58: ='Raw Data'!F60+Bill!$P$2 -> 140 | H58: =('Raw Data'!F60+Bill!$R$2) -> 135 | I58: ='Raw Data'!G60/100 -> 6.3 | K58: =Bill!$Y58 -> 45616 | L58: =Bill!$AA58*('Raw Data'!$E60+$L$2) -> 1580.8 | M58: =Bill!$AB58*('Raw Data'!$E60+$M$2) -> 2355 | N58: =(('Raw Data'!$F60 * 2)-10)*Bill!$AC58 -> 1760 | O58: =('Raw Data'!F60+Bill!$O$2)*Bill!$AD58 -> 148.5 | P58: =('Raw Data'!F60+Bill!$P$2)*Bill!$AE58 -> 0 | Q58: =Bill!$Z58*('Raw Data'!$E60+$Q$2) -> 0 | R58: =('Raw Data'!F60+Bill!$R$2)*Bill!$AF58 -> 0 | S58: =('Raw Data'!G60/100)*Bill!$AG58 -> 0 | T58: =SUM(Bill!$L58:$R58) -> 5844.3 | U58: 5844 | W58: =Bill!$U58-Bill!$T58 -> -0.3 | Y58: ='Raw Data'!D60 -> 45616 | Z58: 0 | AA58: 10.4 | AB58: 15 | AC58: 8 | AD58: 1.1 | AE58: 0 | AF58: 0 | AG58: 0
A59: =Bill!$Y59 -> 45617 | B59: ='Raw Data'!E61+Bill!$L$2 -> 152 | C59: ='Raw Data'!E61+Bill!$M$2 -> 157 | D59: =('Raw Data'!$F61*2)-10 -> 220 | E59: ='Raw Data'!F61+Bill!$O$2 -> 135 | F59: ='Raw Data'!F61+Bill!$P$2 -> 140 | H59: =('Raw Data'!F61+Bill!$R$2) -> 135 | I59: ='Raw Data'!G61/100 -> 6.3 | K59: =Bill!$Y59 -> 45617 | L59: =Bill!$AA59*('Raw Data'!$E61+$L$2) -> 1672 | M59: =Bill!$AB59*('Raw Data'!$E61+$M$2) -> 1256 | N59: =(('Raw Data'!$F61 * 2)-10)*Bill!$AC59 -> 0 | O59: =('Raw Data'!F61+Bill!$O$2)*Bill!$AD59 -> 0 | P59: =('Raw Data'!F61+Bill!$P$2)*Bill!$AE59 -> 420 | Q59: =Bill!$Z59*('Raw Data'!$E61+$Q$2) -> 0 | R59: =('Raw Data'!F61+Bill!$R$2)*Bill!$AF59 -> 0 | S59: =('Raw Data'!G61/100)*Bill!$AG59 -> 945 | T59: =SUM(Bill!$L59:$R59) -> 3348 | U59: 3348 | W59: =Bill!$U59-Bill!$T59 -> 0 | Y59: ='Raw Data'!D61 -> 45617 | Z59: 0 | AA59: 11 | AB59: 8 | AC59: 0 | AD59: 0 | AE59: 3 | AF59: 0 | AG59: 150
A60: =Bill!$Y60 -> 45618 | B60: ='Raw Data'!E62+Bill!$L$2 -> 150 | C60: ='Raw Data'!E62+Bill!$M$2 -> 155 | D60: =('Raw Data'!$F62*2)-10 -> 212 | E60: ='Raw Data'!F62+Bill!$O$2 -> 131 | F60: ='Raw Data'!F62+Bill!$P$2 -> 136 | H60: =('Raw Data'!F62+Bill!$R$2) -> 131 | I60: ='Raw Data'!G62/100 -> 6.3 | K60: =Bill!$Y60 -> 45618 | L60: =Bill!$AA60*('Raw Data'!$E62+$L$2) -> 645 | M60: =Bill!$AB60*('Raw Data'!$E62+$M$2) -> 2325 | N60: =(('Raw Data'!$F62 * 2)-10)*Bill!$AC60 -> 848 | O60: =('Raw Data'!F62+Bill!$O$2)*Bill!$AD60 -> 0 | P60: =('Raw Data'!F62+Bill!$P$2)*Bill!$AE60 -> 0 | Q60: =Bill!$Z60*('Raw Data'!$E62+$Q$2) -> 0 | R60: =('Raw Data'!F62+Bill!$R$2)*Bill!$AF60 -> 0 | S60: =('Raw Data'!G62/100)*Bill!$AG60 -> 0 | T60: =SUM(Bill!$L60:$R60) -> 3818 | U60: 3818 | W60: =Bill!$U60-Bill!$T60 -> 0 | Y60: ='Raw Data'!D62 -> 45618 | Z60: 0 | AA60: 4.3 | AB60: 15 | AC60: 4 | AD60: 0 | AE60: 0 | AF60: 0 | AG60: 0
... A62: =Bill!$Y62 -> 45620 | B62: ='Raw Data'!E64+Bill!$L$2 -> 150 | C62: ='Raw Data'!E64+Bill!$M$2 -> 155 | D62: =('Raw Data'!$F64*2)-10 -> 220 | E62: ='Raw Data'!F64+Bill!$O$2 -> 135 | F62: ='Raw Data'!F64+Bill!$P$2 -> 140 | H62: =('Raw Data'!F64+Bill!$R$2) -> 135 | I62: ='Raw Data'!G64/100 -> 6.4 | K62: =Bill!$Y62 -> 45620 | L62: =Bill!$AA62*('Raw Data'!$E64+$L$2) -> 1785 | M62: =Bill!$AB62*('Raw Data'!$E64+$M$2) -> 2325 | N62: =(('Raw Data'!$F64 * 2)-10)*Bill!$AC62 -> 2200 | O62: =('Raw Data'!F64+Bill!$O$2)*Bill!$AD62 -> 0 | P62: =('Raw Data'!F64+Bill!$P$2)*Bill!$AE62 -> 420 | Q62: =Bill!$Z62*('Raw Data'!$E64+$Q$2) -> 0 | R62: =('Raw Data'!F64+Bill!$R$2)*Bill!$AF62 -> 0 | S62: =('Raw Data'!G64/100)*Bill!$AG62 -> 1344 | T62: =SUM(Bill!$L62:$R62) -> 6730 | U62: 6730 | W62: =Bill!$U62-Bill!$T62 -> 0 | Y62: ='Raw Data'!D64 -> 45620 | Z62: 0 | AA62: 11.9 | AB62: 15 | AC62: 10 | AD62: 0 | AE62: 3 | AF62: 0 | AG62: 210
A63: =Bill!$Y63 -> 45621 | B63: ='Raw Data'!E65+Bill!$L$2 -> 150 | C63: ='Raw Data'!E65+Bill!$M$2 -> 155 | D63: =('Raw Data'!$F65*2)-10 -> 220 | E63: ='Raw Data'!F65+Bill!$O$2 -> 135 | F63: ='Raw Data'!F65+Bill!$P$2 -> 140 | H63: =('Raw Data'!F65+Bill!$R$2) -> 135 | I63: ='Raw Data'!G65/100 -> 6.45 | K63: =Bill!$Y63 -> 45621 | L63: =Bill!$AA63*('Raw Data'!$E65+$L$2) -> 1440 | M63: =Bill!$AB63*('Raw Data'!$E65+$M$2) -> 1581 | N63: =(('Raw Data'!$F65 * 2)-10)*Bill!$AC63 -> 1320 | O63: =('Raw Data'!F65+Bill!$O$2)*Bill!$AD63 -> 0 | P63: =('Raw Data'!F65+Bill!$P$2)*Bill!$AE63 -> 0 | Q63: =Bill!$Z63*('Raw Data'!$E65+$Q$2) -> 0 | R63: =('Raw Data'!F65+Bill!$R$2)*Bill!$AF63 -> 0 | S63: =('Raw Data'!G65/100)*Bill!$AG63 -> 0 | T63: =SUM(Bill!$L63:$R63) -> 4341 | U63: 4341 | W63: =Bill!$U63-Bill!$T63 -> 0 | Y63: ='Raw Data'!D65 -> 45621 | Z63: 0 | AA63: 9.6 | AB63: 10.2 | AC63: 6 | AE63: 0 | AF63: 0 | AG63: 0
A64: =Bill!$Y64 -> 45622 | B64: ='Raw Data'!E66+Bill!$L$2 -> 148 | C64: ='Raw Data'!E66+Bill!$M$2 -> 153 | D64: =('Raw Data'!$F66*2)-10 -> 220 | E64: ='Raw Data'!F66+Bill!$O$2 -> 135 | F64: ='Raw Data'!F66+Bill!$P$2 -> 140 | H64: =('Raw Data'!F66+Bill!$R$2) -> 135 | I64: ='Raw Data'!G66/100 -> 6.51 | K64: =Bill!$Y64 -> 45622 | L64: =Bill!$AA64*('Raw Data'!$E66+$L$2) -> 836.2 | M64: =Bill!$AB64*('Raw Data'!$E66+$M$2) -> 765 | N64: =(('Raw Data'!$F66 * 2)-10)*Bill!$AC64 -> 1100 | O64: =('Raw Data'!F66+Bill!$O$2)*Bill!$AD64 -> 0 | P64: =('Raw Data'!F66+Bill!$P$2)*Bill!$AE64 -> 0 | Q64: =Bill!$Z64*('Raw Data'!$E66+$Q$2) -> 0 | R64: =('Raw Data'!F66+Bill!$R$2)*Bill!$AF64 -> 0 | S64: =('Raw Data'!G66/100)*Bill!$AG64 -> 0 | T64: =SUM(Bill!$L64:$R64) -> 2701.2 | U64: 2701 | W64: =Bill!$U64-Bill!$T64 -> -0.2 | Y64: ='Raw Data'!D66 -> 45622 | Z64: 0 | AA64: 5.65 | AB64: 5 | AC64: 5 | AD64: 0 | AE64: 0 | AF64: 0 | AG64: 0
A65: =Bill!$Y65 -> 45623 | B65: ='Raw Data'!E67+Bill!$L$2 -> 146 | C65: ='Raw Data'!E67+Bill!$M$2 -> 151 | D65: =('Raw Data'!$F67*2)-10 -> 216 | E65: ='Raw Data'!F67+Bill!$O$2 -> 133 | F65: ='Raw Data'!F67+Bill!$P$2 -> 138 | H65: =('Raw Data'!F67+Bill!$R$2) -> 133 | I65: ='Raw Data'!G67/100 -> 6.51 | K65: =Bill!$Y65 -> 45623 | L65: =Bill!$AA65*('Raw Data'!$E67+$L$2) -> 1839.6 | M65: =Bill!$AB65*('Raw Data'!$E67+$M$2) -> 1464.7 | N65: =(('Raw Data'!$F67 * 2)-10)*Bill!$AC65 -> 1728 | O65: =('Raw Data'!F67+Bill!$O$2)*Bill!$AD65 -> 305.9 | P65: =('Raw Data'!F67+Bill!$P$2)*Bill!$AE65 -> 414 | Q65: =Bill!$Z65*('Raw Data'!$E67+$Q$2) -> 0 | R65: =('Raw Data'!F67+Bill!$R$2)*Bill!$AF65 -> 0 | S65: =('Raw Data'!G67/100)*Bill!$AG65 -> 0 | T65: =SUM(Bill!$L65:$R65) -> 5752.2 | U65: 5752 | W65: =Bill!$U65-Bill!$T65 -> -0.2 | Y65: ='Raw Data'!D67 -> 45623 | Z65: 0 | AA65: 12.6 | AB65: 9.7 | AC65: 8 | AD65: 2.3 | AE65: 3 | AF65: 0 | AG65: 0
A66: =Bill!$Y66 -> 45624 | B66: ='Raw Data'!E68+Bill!$L$2 -> 144 | C66: ='Raw Data'!E68+Bill!$M$2 -> 149 | D66: =('Raw Data'!$F68*2)-10 -> 212 | E66: ='Raw Data'!F68+Bill!$O$2 -> 131 | F66: ='Raw Data'!F68+Bill!$P$2 -> 136 | H66: =('Raw Data'!F68+Bill!$R$2) -> 131 | I66: ='Raw Data'!G68/100 -> 6.51 | K66: =Bill!$Y66 -> 45624 | L66: =Bill!$AA66*('Raw Data'!$E68+$L$2) -> 712.8 | M66: =Bill!$AB66*('Raw Data'!$E68+$M$2) -> 1192 | N66: =(('Raw Data'!$F68 * 2)-10)*Bill!$AC66 -> 848 | O66: =('Raw Data'!F68+Bill!$O$2)*Bill!$AD66 -> 0 | P66: =('Raw Data'!F68+Bill!$P$2)*Bill!$AE66 -> 0 | Q66: =Bill!$Z66*('Raw Data'!$E68+$Q$2) -> 0 | R66: =('Raw Data'!F68+Bill!$R$2)*Bill!$AF66 -> 0 | S66: =('Raw Data'!G68/100)*Bill!$AG66 -> 1367.1 | T66: =SUM(Bill!$L66:$R66) -> 2752.8 | U66: 2753 | W66: =Bill!$U66-Bill!$T66 -> 0.2 | Y66: ='Raw Data'!D68 -> 45624 | Z66: 0 | AA66: 4.95 | AB66: 8 | AC66: 4 | AD66: 0 | AE66: 0 | AF66: 0 | AG66: 210
A67: =Bill!$Y67 -> 45625 | B67: ='Raw Data'!E69+Bill!$L$2 -> 144 | C67: ='Raw Data'!E69+Bill!$M$2 -> 149 | D67: =('Raw Data'!$F69*2)-10 -> 212 | E67: ='Raw Data'!F69+Bill!$O$2 -> 131 | F67: ='Raw Data'!F69+Bill!$P$2 -> 136 | H67: =('Raw Data'!F69+Bill!$R$2) -> 131 | I67: ='Raw Data'!G69/100 -> 6.55 | K67: =Bill!$Y67 -> 45625 | L67: =Bill!$AA67*('Raw Data'!$E69+$L$2) -> 849.6 | M67: =Bill!$AB67*('Raw Data'!$E69+$M$2) -> 1788 | N67: =(('Raw Data'!$F69 * 2)-10)*Bill!$AC67 -> 1060 | O67: =('Raw Data'!F69+Bill!$O$2)*Bill!$AD67 -> 262 | P67: =('Raw Data'!F69+Bill!$P$2)*Bill!$AE67 -> 408 | Q67: =Bill!$Z67*('Raw Data'!$E69+$Q$2) -> 0 | R67: =('Raw Data'!F69+Bill!$R$2)*Bill!$AF67 -> 0 | S67: =('Raw Data'!G69/100)*Bill!$AG67 -> 0 | T67: =SUM(Bill!$L67:$R67) -> 4367.6 | U67: 4368 | W67: =Bill!$U67-Bill!$T67 -> 0.4 | Y67: ='Raw Data'!D69 -> 45625 | Z67: 0 | AA67: 5.9 | AB67: 12 | AC67: 5 | AD67: 2 | AE67: 3 | AF67: 0 | AG67: 0
A68: =Bill!$Y68 -> 45626 | B68: ='Raw Data'!E70+Bill!$L$2 -> 146 | C68: ='Raw Data'!E70+Bill!$M$2 -> 151 | D68: =('Raw Data'!$F70*2)-10 -> 212 | E68: ='Raw Data'!F70+Bill!$O$2 -> 131 | F68: ='Raw Data'!F70+Bill!$P$2 -> 136 | H68: =('Raw Data'!F70+Bill!$R$2) -> 131 | I68: ='Raw Data'!G70/100 -> 6.55 | K68: =Bill!$Y68 -> 45626 | L68: =Bill!$AA68*('Raw Data'!$E70+$L$2) -> 1401.6 | M68: =Bill!$AB68*('Raw Data'!$E70+$M$2) -> 2748.2 | N68: =(('Raw Data'!$F70 * 2)-10)*Bill!$AC68 -> 1060 | O68: =('Raw Data'!F70+Bill!$O$2)*Bill!$AD68 -> 0 | P68: =('Raw Data'!F70+Bill!$P$2)*Bill!$AE68 -> 0 | Q68: =Bill!$Z68*('Raw Data'!$E70+$Q$2) -> 0 | R68: =('Raw Data'!F70+Bill!$R$2)*Bill!$AF68 -> 0 | S68: =('Raw Data'!G70/100)*Bill!$AG68 -> 0 | T68: =SUM(Bill!$L68:$R68) -> 5209.8 | U68: 5208 | W68: =Bill!$U68-Bill!$T68 -> -1.8 | Y68: ='Raw Data'!D70 -> 45626 | Z68: 0 | AA68: 9.6 | AB68: 18.2 | AC68: 5 | AD68: 0 | AE68: 0 | AF68: 0 | AG68: 0
A69: =Bill!$Y69 -> 45627 | B69: ='Raw Data'!E71+Bill!$L$2 -> 148 | C69: ='Raw Data'!E71+Bill!$M$2 -> 153 | D69: =('Raw Data'!$F71*2)-10 -> 212 | E69: ='Raw Data'!F71+Bill!$O$2 -> 131 | F69: ='Raw Data'!F71+Bill!$P$2 -> 136 | H69: =('Raw Data'!F71+Bill!$R$2) -> 131 | I69: ='Raw Data'!G71/100 -> 6.6 | K69: =Bill!$Y69 -> 45627 | L69: =Bill!$AA69*('Raw Data'!$E71+$L$2) -> 2382.8 | M69: =Bill!$AB69*('Raw Data'!$E71+$M$2) -> 3060 | N69: =(('Raw Data'!$F71 * 2)-10)*Bill!$AC69 -> 2544 | O69: =('Raw Data'!F71+Bill!$O$2)*Bill!$AD69 -> 288.2 | P69: =('Raw Data'!F71+Bill!$P$2)*Bill!$AE69 -> 408 | Q69: =Bill!$Z69*('Raw Data'!$E71+$Q$2) -> 0 | R69: =('Raw Data'!F71+Bill!$R$2)*Bill!$AF69 -> 478.15 | S69: =('Raw Data'!G71/100)*Bill!$AG69 -> 1386 | T69: =SUM(Bill!$L69:$R69) -> 9161.15 | U69: 9161 | W69: =Bill!$U69-Bill!$T69 -> -0.15 | Y69: ='Raw Data'!D71 -> 45627 | Z69: 0 | AA69: 16.1 | AB69: 20 | AC69: 12 | AD69: 2.2 | AE69: 3 | AF69: 3.65 | AG69: 210
A70: =Bill!$Y70 -> 45628 | B70: ='Raw Data'!E72+Bill!$L$2 -> 148 | C70: ='Raw Data'!E72+Bill!$M$2 -> 153 | D70: =('Raw Data'!$F72*2)-10 -> 212 | E70: ='Raw Data'!F72+Bill!$O$2 -> 131 | F70: ='Raw Data'!F72+Bill!$P$2 -> 136 | H70: =('Raw Data'!F72+Bill!$R$2) -> 131 | I70: ='Raw Data'!G72/100 -> 6.65 | K70: =Bill!$Y70 -> 45628 | L70: =Bill!$AA70*('Raw Data'!$E72+$L$2) -> 1302.4 | M70: =Bill!$AB70*('Raw Data'!$E72+$M$2) -> 2295 | N70: =(('Raw Data'!$F72 * 2)-10)*Bill!$AC70 -> 1696 | O70: =('Raw Data'!F72+Bill!$O$2)*Bill!$AD70 -> 131 | P70: =('Raw Data'!F72+Bill!$P$2)*Bill!$AE70 -> 0 | Q70: =Bill!$Z70*('Raw Data'!$E72+$Q$2) -> 0 | R70: =('Raw Data'!F72+Bill!$R$2)*Bill!$AF70 -> 0 | S70: =('Raw Data'!G72/100)*Bill!$AG70 -> 0 | T70: =SUM(Bill!$L70:$R70) -> 5424.4 | U70: 5424 | W70: =Bill!$U70-Bill!$T70 -> -0.4 | Y70: ='Raw Data'!D72 -> 45628 | Z70: 0 | AA70: 8.8 | AB70: 15 | AC70: 8 | AD70: 1 | AE70: 0 | AF70: 0 | AG70: 0
A71: =Bill!$Y71 -> 45629 | B71: ='Raw Data'!E73+Bill!$L$2 -> 148 | C71: ='Raw Data'!E73+Bill!$M$2 -> 153 | D71: =('Raw Data'!$F73*2)-10 -> 204 | E71: ='Raw Data'!F73+Bill!$O$2 -> 127 | F71: ='Raw Data'!F73+Bill!$P$2 -> 132 | H71: =('Raw Data'!F73+Bill!$R$2) -> 127 | I71: ='Raw Data'!G73/100 -> 6.75 | K71: =Bill!$Y71 -> 45629 | L71: =Bill!$AA71*('Raw Data'!$E73+$L$2) -> 725.2 | M71: =Bill!$AB71*('Raw Data'!$E73+$M$2) -> 1530 | N71: =(('Raw Data'!$F73 * 2)-10)*Bill!$AC71 -> 816 | O71: =('Raw Data'!F73+Bill!$O$2)*Bill!$AD71 -> 0 | P71: =('Raw Data'!F73+Bill!$P$2)*Bill!$AE71 -> 0 | Q71: =Bill!$Z71*('Raw Data'!$E73+$Q$2) -> 0 | R71: =('Raw Data'!F73+Bill!$R$2)*Bill!$AF71 -> 0 | S71: =('Raw Data'!G73/100)*Bill!$AG71 -> 0 | T71: =SUM(Bill!$L71:$R71) -> 3071.2 | U71: 3071 | W71: =Bill!$U71-Bill!$T71 -> -0.2 | Y71: ='Raw Data'!D73 -> 45629 | Z71: 0 | AA71: 4.9 | AB71: 10 | AC71: 4 | AD71: 0 | AE71: 0 | AF71: 0 | AG71: 0
A72: =Bill!$Y72 -> 45630 | B72: ='Raw Data'!E74+Bill!$L$2 -> 148 | C72: ='Raw Data'!E74+Bill!$M$2 -> 153 | D72: =('Raw Data'!$F74*2)-10 -> 204 | E72: ='Raw Data'!F74+Bill!$O$2 -> 127 | F72: ='Raw Data'!F74+Bill!$P$2 -> 132 | H72: =('Raw Data'!F74+Bill!$R$2) -> 127 | I72: ='Raw Data'!G74/100 -> 6.75 | K72: =Bill!$Y72 -> 45630 | L72: =Bill!$AA72*('Raw Data'!$E74+$L$2) -> 1583.6 | M72: =Bill!$AB72*('Raw Data'!$E74+$M$2) -> 1224 | N72: =(('Raw Data'!$F74 * 2)-10)*Bill!$AC72 -> 1224 | O72: =('Raw Data'!F74+Bill!$O$2)*Bill!$AD72 -> 127 | P72: =('Raw Data'!F74+Bill!$P$2)*Bill!$AE72 -> 0 | Q72: =Bill!$Z72*('Raw Data'!$E74+$Q$2) -> 0 | R72: =('Raw Data'!F74+Bill!$R$2)*Bill!$AF72 -> 0 | S72: =('Raw Data'!G74/100)*Bill!$AG72 -> 0 | T72: =SUM(Bill!$L72:$R72) -> 4158.6 | U72: 4159 | W72: =Bill!$U72-Bill!$T72 -> 0.4 | Y72: ='Raw Data'!D74 -> 45630 | Z72: 0 | AA72: 10.7 | AB72: 8 | AC72: 6 | AD72: 1 | AE72: 0 | AF72: 0 | AG72: 0
A73: =Bill!$Y73 -> 45631 | B73: ='Raw Data'!E75+Bill!$L$2 -> 148 | C73: ='Raw Data'!E75+Bill!$M$2 -> 153 | D73: =('Raw Data'!$F75*2)-10 -> 204 | E73: ='Raw Data'!F75+Bill!$O$2 -> 127 | F73: ='Raw Data'!F75+Bill!$P$2 -> 132 | H73: =('Raw Data'!F75+Bill!$R$2) -> 127 | I73: ='Raw Data'!G75/100 -> 6.75 | K73: =Bill!$Y73 -> 45631 | L73: =Bill!$AA73*('Raw Data'!$E75+$L$2) -> 1213.6 | M73: =Bill!$AB73*('Raw Data'!$E75+$M$2) -> 765 | N73: =(('Raw Data'!$F75 * 2)-10)*Bill!$AC73 -> 816 | O73: =('Raw Data'!F75+Bill!$O$2)*Bill!$AD73 -> 292.1 | P73: =('Raw Data'!F75+Bill!$P$2)*Bill!$AE73 -> 0 | Q73: =Bill!$Z73*('Raw Data'!$E75+$Q$2) -> 0 | R73: =('Raw Data'!F75+Bill!$R$2)*Bill!$AF73 -> 0 | S73: =('Raw Data'!G75/100)*Bill!$AG73 -> 1417.5 | T73: =SUM(Bill!$L73:$R73) -> 3086.7 | U73: 3086 | W73: =Bill!$U73-Bill!$T73 -> -0.7 | Y73: ='Raw Data'!D75 -> 45631 | Z73: 0 | AA73: 8.2 | AB73: 5 | AC73: 4 | AD73: 2.3 | AE73: 0 | AF73: 0 | AG73: 210
A74: =Bill!$Y74 -> 45632 | B74: ='Raw Data'!E76+Bill!$L$2 -> 148 | C74: ='Raw Data'!E76+Bill!$M$2 -> 153 | D74: =('Raw Data'!$F76*2)-10 -> 200 | E74: ='Raw Data'!F76+Bill!$O$2 -> 125 | F74: ='Raw Data'!F76+Bill!$P$2 -> 130 | H74: =('Raw Data'!F76+Bill!$R$2) -> 125 | I74: ='Raw Data'!G76/100 -> 6.75 | K74: =Bill!$Y74 -> 45632 | L74: =Bill!$AA74*('Raw Data'!$E76+$L$2) -> 651.2 | M74: =Bill!$AB74*('Raw Data'!$E76+$M$2) -> 1836 | N74: =(('Raw Data'!$F76 * 2)-10)*Bill!$AC74 -> 1000 | O74: =('Raw Data'!F76+Bill!$O$2)*Bill!$AD74 -> 0 | P74: =('Raw Data'!F76+Bill!$P$2)*Bill!$AE74 -> 390 | Q74: =Bill!$Z74*('Raw Data'!$E76+$Q$2) -> 0 | R74: =('Raw Data'!F76+Bill!$R$2)*Bill!$AF74 -> 125 | S74: =('Raw Data'!G76/100)*Bill!$AG74 -> 0 | T74: =SUM(Bill!$L74:$R74) -> 4002.2 | U74: 4009 | W74: =Bill!$U74-Bill!$T74 -> 6.8 | Y74: ='Raw Data'!D76 -> 45632 | Z74: 0 | AA74: 4.4 | AB74: 12 | AC74: 5 | AE74: 3 | AF74: 1
A75: =Bill!$Y75 -> 45633 | B75: ='Raw Data'!E77+Bill!$L$2 -> 146 | C75: ='Raw Data'!E77+Bill!$M$2 -> 151 | D75: =('Raw Data'!$F77*2)-10 -> 190 | E75: ='Raw Data'!F77+Bill!$O$2 -> 120 | F75: ='Raw Data'!F77+Bill!$P$2 -> 125 | H75: =('Raw Data'!F77+Bill!$R$2) -> 120 | I75: ='Raw Data'!G77/100 -> 6.75 | K75: =Bill!$Y75 -> 45633 | L75: =Bill!$AA75*('Raw Data'!$E77+$L$2) -> 1693.6 | M75: =Bill!$AB75*('Raw Data'!$E77+$M$2) -> 2265 | N75: =(('Raw Data'!$F77 * 2)-10)*Bill!$AC75 -> 1520 | O75: =('Raw Data'!F77+Bill!$O$2)*Bill!$AD75 -> 240 | P75: =('Raw Data'!F77+Bill!$P$2)*Bill!$AE75 -> 625 | Q75: =Bill!$Z75*('Raw Data'!$E77+$Q$2) -> 0 | R75: =('Raw Data'!F77+Bill!$R$2)*Bill!$AF75 -> 0 | S75: =('Raw Data'!G77/100)*Bill!$AG75 -> 1012.5 | T75: =SUM(Bill!$L75:$R75) -> 6343.6 | U75: 6343 | W75: =Bill!$U75-Bill!$T75 -> -0.6 | Y75: ='Raw Data'!D77 -> 45633 | Z75: 0 | AA75: 11.6 | AB75: 15 | AC75: 8 | AD75: 2 | AE75: 5 | AF75: 0 | AG75: 150
A76: =Bill!$Y76 -> 45634 | B76: ='Raw Data'!E78+Bill!$L$2 -> 148 | C76: ='Raw Data'!E78+Bill!$M$2 -> 153 | D76: =('Raw Data'!$F78*2)-10 -> 194 | E76: ='Raw Data'!F78+Bill!$O$2 -> 122 | F76: ='Raw Data'!F78+Bill!$P$2 -> 127 | H76: =('Raw Data'!F78+Bill!$R$2) -> 122 | I76: ='Raw Data'!G78/100 -> 6.75 | K76: =Bill!$Y76 -> 45634 | L76: =Bill!$AA76*('Raw Data'!$E78+$L$2) -> 1628 | M76: =Bill!$AB76*('Raw Data'!$E78+$M$2) -> 2295 | N76: =(('Raw Data'!$F78 * 2)-10)*Bill!$AC76 -> 1552 | O76: =('Raw Data'!F78+Bill!$O$2)*Bill!$AD76 -> 122 | P76: =('Raw Data'!F78+Bill!$P$2)*Bill!$AE76 -> 0 | Q76: =Bill!$Z76*('Raw Data'!$E78+$Q$2) -> 0 | R76: =('Raw Data'!F78+Bill!$R$2)*Bill!$AF76 -> 384.3 | S76: =('Raw Data'!G78/100)*Bill!$AG76 -> 0 | T76: =SUM(Bill!$L76:$R76) -> 5981.3 | U76: 5929 | W76: =Bill!$U76-Bill!$T76 -> -52.3 | Y76: ='Raw Data'!D78 -> 45634 | Z76: 0 | AA76: 11 | AB76: 15 | AC76: 8 | AD76: 1 | AE76: 0 | AF76: 3.15 | AG76: 0
A77: =Bill!$Y77 -> 45635 | B77: ='Raw Data'!E79+Bill!$L$2 -> 146 | C77: ='Raw Data'!E79+Bill!$M$2 -> 151 | D77: =('Raw Data'!$F79*2)-10 -> 194 | E77: ='Raw Data'!F79+Bill!$O$2 -> 122 | F77: ='Raw Data'!F79+Bill!$P$2 -> 127 | H77: =('Raw Data'!F79+Bill!$R$2) -> 122 | I77: ='Raw Data'!G79/100 -> 6.75 | K77: =Bill!$Y77 -> 45635 | L77: =Bill!$AA77*('Raw Data'!$E79+$L$2) -> 700.8 | M77: =Bill!$AB77*('Raw Data'!$E79+$M$2) -> 1208 | N77: =(('Raw Data'!$F79 * 2)-10)*Bill!$AC77 -> 1552 | O77: =('Raw Data'!F79+Bill!$O$2)*Bill!$AD77 -> 0 | P77: =('Raw Data'!F79+Bill!$P$2)*Bill!$AE77 -> 381 | Q77: =Bill!$Z77*('Raw Data'!$E79+$Q$2) -> 0 | R77: =('Raw Data'!F79+Bill!$R$2)*Bill!$AF77 -> 0 | S77: =('Raw Data'!G79/100)*Bill!$AG77 -> 0 | T77: =SUM(Bill!$L77:$R77) -> 3841.8 | U77: 3841 | W77: =Bill!$U77-Bill!$T77 -> -0.8 | Y77: ='Raw Data'!D79 -> 45635 | Z77: 0 | AA77: 4.8 | AB77: 8 | AC77: 8 | AD77: 0 | AE77: 3 | AF77: 0 | AG77: 0
A78: =Bill!$Y78 -> 45636 | B78: ='Raw Data'!E80+Bill!$L$2 -> 146 | C78: ='Raw Data'!E80+Bill!$M$2 -> 151 | D78: =('Raw Data'!$F80*2)-10 -> 194 | E78: ='Raw Data'!F80+Bill!$O$2 -> 122 | F78: ='Raw Data'!F80+Bill!$P$2 -> 127 | H78: =('Raw Data'!F80+Bill!$R$2) -> 122 | I78: ='Raw Data'!G80/100 -> 6.75 | K78: =Bill!$Y78 -> 45636 | L78: =Bill!$AA78*('Raw Data'!$E80+$L$2) -> 0 | M78: =Bill!$AB78*('Raw Data'!$E80+$M$2) -> 498.3 | N78: =(('Raw Data'!$F80 * 2)-10)*Bill!$AC78 -> 1164 | O78: =('Raw Data'!F80+Bill!$O$2)*Bill!$AD78 -> 0 | P78: =('Raw Data'!F80+Bill!$P$2)*Bill!$AE78 -> 381 | Q78: =Bill!$Z78*('Raw Data'!$E80+$Q$2) -> 0 | R78: =('Raw Data'!F80+Bill!$R$2)*Bill!$AF78 -> 0 | S78: =('Raw Data'!G80/100)*Bill!$AG78 -> 0 | T78: =SUM(Bill!$L78:$R78) -> 2043.3 | U78: 2043 | W78: =Bill!$U78-Bill!$T78 -> -0.3 | Y78: ='Raw Data'!D80 -> 45636 | Z78: 0 | AA78: 0 | AB78: 3.3 | AC78: 6 | AD78: 0 | AE78: 3 | AF78: 0 | AG78: 0
A79: =Bill!$Y79 -> 45637 | B79: ='Raw Data'!E81+Bill!$L$2 -> 144 | C79: ='Raw Data'!E81+Bill!$M$2 -> 149 | D79: =('Raw Data'!$F81*2)-10 -> 194 | E79: ='Raw Data'!F81+Bill!$O$2 -> 122 | F79: ='Raw Data'!F81+Bill!$P$2 -> 127 | H79: =('Raw Data'!F81+Bill!$R$2) -> 122 | I79: ='Raw Data'!G81/100 -> 6.75 | K79: =Bill!$Y79 -> 45637 | L79: =Bill!$AA79*('Raw Data'!$E81+$L$2) -> 1468.8 | M79: =Bill!$AB79*('Raw Data'!$E81+$M$2) -> 2235 | N79: =(('Raw Data'!$F81 * 2)-10)*Bill!$AC79 -> 1164 | O79: =('Raw Data'!F81+Bill!$O$2)*Bill!$AD79 -> 256.2 | P79: =('Raw Data'!F81+Bill!$P$2)*Bill!$AE79 -> 254 | Q79: =Bill!$Z79*('Raw Data'!$E81+$Q$2) -> 0 | R79: =('Raw Data'!F81+Bill!$R$2)*Bill!$AF79 -> 0 | S79: =('Raw Data'!G81/100)*Bill!$AG79 -> 0 | T79: =SUM(Bill!$L79:$R79) -> 5378 | U79: 5388 | W79: =Bill!$U79-Bill!$T79 -> 10 | Y79: ='Raw Data'!D81 -> 45637 | Z79: 0 | AA79: 10.2 | AB79: 15 | AC79: 6 | AD79: 2.1 | AE79: 2 | AF79: 0 | AG79: 0
A80: =Bill!$Y80 -> 45638 | B80: ='Raw Data'!E82+Bill!$L$2 -> 144 | C80: ='Raw Data'!E82+Bill!$M$2 -> 149 | D80: =('Raw Data'!$F82*2)-10 -> 198 | E80: ='Raw Data'!F82+Bill!$O$2 -> 124 | F80: ='Raw Data'!F82+Bill!$P$2 -> 129 | H80: =('Raw Data'!F82+Bill!$R$2) -> 124 | I80: ='Raw Data'!G82/100 -> 6.75 | K80: =Bill!$Y80 -> 45638 | L80: =Bill!$AA80*('Raw Data'!$E82+$L$2) -> 0 | M80: =Bill!$AB80*('Raw Data'!$E82+$M$2) -> 1490 | N80: =(('Raw Data'!$F82 * 2)-10)*Bill!$AC80 -> 1584 | O80: =('Raw Data'!F82+Bill!$O$2)*Bill!$AD80 -> 0 | P80: =('Raw Data'!F82+Bill!$P$2)*Bill!$AE80 -> 0 | Q80: =Bill!$Z80*('Raw Data'!$E82+$Q$2) -> 0 | R80: =('Raw Data'!F82+Bill!$R$2)*Bill!$AF80 -> 0 | S80: =('Raw Data'!G82/100)*Bill!$AG80 -> 0 | T80: =SUM(Bill!$L80:$R80) -> 3074 | U80: 3074 | W80: =Bill!$U80-Bill!$T80 -> 0 | Y80: ='Raw Data'!D82 -> 45638 | Z80: 0 | AA80: 0 | AB80: 10 | AC80: 8 | AD80: 0 | AE80: 0 | AF80: 0 | AG80: 0
A81: =Bill!$Y81 -> 45639 | B81: ='Raw Data'!E83+Bill!$L$2 -> 146 | C81: ='Raw Data'!E83+Bill!$M$2 -> 151 | D81: =('Raw Data'!$F83*2)-10 -> 212 | E81: ='Raw Data'!F83+Bill!$O$2 -> 131 | F81: ='Raw Data'!F83+Bill!$P$2 -> 136 | H81: =('Raw Data'!F83+Bill!$R$2) -> 131 | I81: ='Raw Data'!G83/100 -> 6.75 | K81: =Bill!$Y81 -> 45639 | L81: =Bill!$AA81*('Raw Data'!$E83+$L$2) -> 1562.2 | M81: =Bill!$AB81*('Raw Data'!$E83+$M$2) -> 1510 | N81: =(('Raw Data'!$F83 * 2)-10)*Bill!$AC81 -> 636 | O81: =('Raw Data'!F83+Bill!$O$2)*Bill!$AD81 -> 0 | P81: =('Raw Data'!F83+Bill!$P$2)*Bill!$AE81 -> 0 | Q81: =Bill!$Z81*('Raw Data'!$E83+$Q$2) -> 0 | R81: =('Raw Data'!F83+Bill!$R$2)*Bill!$AF81 -> 0 | S81: =('Raw Data'!G83/100)*Bill!$AG81 -> 0 | T81: =SUM(Bill!$L81:$R81) -> 3708.2 | U81: 3708 | W81: =Bill!$U81-Bill!$T81 -> -0.2 | Y81: ='Raw Data'!D83 -> 45639 | Z81: 0 | AA81: 10.7 | AB81: 10 | AC81: 3 | AD81: 0 | AE81: 0 | AF81: 0 | AG81: 0
A82: =Bill!$Y82 -> 45640 | B82: ='Raw Data'!E84+Bill!$L$2 -> 148 | C82: ='Raw Data'!E84+Bill!$M$2 -> 153 | D82: =('Raw Data'!$F84*2)-10 -> 236 | E82: ='Raw Data'!F84+Bill!$O$2 -> 143 | F82: ='Raw Data'!F84+Bill!$P$2 -> 148 | H82: =('Raw Data'!F84+Bill!$R$2) -> 143 | I82: ='Raw Data'!G84/100 -> 6.75 | K82: =Bill!$Y82 -> 45640 | L82: =Bill!$AA82*('Raw Data'!$E84+$L$2) -> 1832.24 | M82: =Bill!$AB82*('Raw Data'!$E84+$M$2) -> 2340.9 | N82: =(('Raw Data'!$F84 * 2)-10)*Bill!$AC82 -> 1180 | O82: =('Raw Data'!F84+Bill!$O$2)*Bill!$AD82 -> 328.9 | P82: =('Raw Data'!F84+Bill!$P$2)*Bill!$AE82 -> 444 | Q82: =Bill!$Z82*('Raw Data'!$E84+$Q$2) -> 0 | R82: =('Raw Data'!F84+Bill!$R$2)*Bill!$AF82 -> 0 | S82: =('Raw Data'!G84/100)*Bill!$AG82 -> 0 | T82: =SUM(Bill!$L82:$R82) -> 6126.04 | U82: 6121 | W82: =Bill!$U82-Bill!$T82 -> -5.04 | Y82: ='Raw Data'!D84 -> 45640 | Z82: 0 | AA82: 12.38 | AB82: 15.3 | AC82: 5 | AD82: 2.3 | AE82: 3 | AF82: 0 | AG82: 0
A83: =Bill!$Y83 -> 45641 | B83: ='Raw Data'!E85+Bill!$L$2 -> 150 | C83: ='Raw Data'!E85+Bill!$M$2 -> 155 | D83: =('Raw Data'!$F85*2)-10 -> 236 | E83: ='Raw Data'!F85+Bill!$O$2 -> 143 | F83: ='Raw Data'!F85+Bill!$P$2 -> 148 | H83: =('Raw Data'!F85+Bill!$R$2) -> 143 | I83: ='Raw Data'!G85/100 -> 6.75 | K83: =Bill!$Y83 -> 45641 | L83: =Bill!$AA83*('Raw Data'!$E85+$L$2) -> 1125 | M83: =Bill!$AB83*('Raw Data'!$E85+$M$2) -> 930 | N83: =(('Raw Data'!$F85 * 2)-10)*Bill!$AC83 -> 1180 | O83: =('Raw Data'!F85+Bill!$O$2)*Bill!$AD83 -> 337.48 | P83: =('Raw Data'!F85+Bill!$P$2)*Bill!$AE83 -> 296 | Q83: =Bill!$Z83*('Raw Data'!$E85+$Q$2) -> 0 | R83: =('Raw Data'!F85+Bill!$R$2)*Bill!$AF83 -> 464.75 | S83: =('Raw Data'!G85/100)*Bill!$AG83 -> 0 | T83: =SUM(Bill!$L83:$R83) -> 4333.23 | U83: 4363 | W83: =Bill!$U83-Bill!$T83 -> 29.77 | Y83: ='Raw Data'!D85 -> 45641 | Z83: 0 | AA83: 7.5 | AB83: 6 | AC83: 5 | AD83: 2.36 | AE83: 2 | AF83: 3.25 | AG83: 0
A84: =Bill!$Y84 -> 45642 | B84: ='Raw Data'!E86+Bill!$L$2 -> 150 | C84: ='Raw Data'!E86+Bill!$M$2 -> 155 | D84: =('Raw Data'!$F86*2)-10 -> 236 | E84: ='Raw Data'!F86+Bill!$O$2 -> 143 | F84: ='Raw Data'!F86+Bill!$P$2 -> 148 | H84: =('Raw Data'!F86+Bill!$R$2) -> 143 | I84: ='Raw Data'!G86/100 -> 6.65 | K84: =Bill!$Y84 -> 45642 | L84: =Bill!$AA84*('Raw Data'!$E86+$L$2) -> 0 | M84: =Bill!$AB84*('Raw Data'!$E86+$M$2) -> 2325 | N84: =(('Raw Data'!$F86 * 2)-10)*Bill!$AC84 -> 1416 | O84: =('Raw Data'!F86+Bill!$O$2)*Bill!$AD84 -> 314.6 | P84: =('Raw Data'!F86+Bill!$P$2)*Bill!$AE84 -> 296 | Q84: =Bill!$Z84*('Raw Data'!$E86+$Q$2) -> 0 | R84: =('Raw Data'!F86+Bill!$R$2)*Bill!$AF84 -> 0 | S84: =('Raw Data'!G86/100)*Bill!$AG84 -> 0 | T84: =SUM(Bill!$L84:$R84) -> 4351.6 | U84: 4361 | W84: =Bill!$U84-Bill!$T84 -> 9.4 | Y84: ='Raw Data'!D86 -> 45642 | Z84: 0 | AA84: 0 | AB84: 15 | AC84: 6 | AD84: 2.2 | AE84: 2 | AF84: 0 | AG84: 0
A85: =Bill!$Y85 -> 45643 | B85: ='Raw Data'!E87+Bill!$L$2 -> 152 | C85: ='Raw Data'!E87+Bill!$M$2 -> 157 | D85: =('Raw Data'!$F87*2)-10 -> 232 | E85: ='Raw Data'!F87+Bill!$O$2 -> 141 | F85: ='Raw Data'!F87+Bill!$P$2 -> 146 | H85: =('Raw Data'!F87+Bill!$R$2) -> 141 | I85: ='Raw Data'!G87/100 -> 6.55 | K85: =Bill!$Y85 -> 45643 | L85: =Bill!$AA85*('Raw Data'!$E87+$L$2) -> 775.2 | M85: =Bill!$AB85*('Raw Data'!$E87+$M$2) -> 785 | N85: =(('Raw Data'!$F87 * 2)-10)*Bill!$AC85 -> 696 | O85: =('Raw Data'!F87+Bill!$O$2)*Bill!$AD85 -> 0 | P85: =('Raw Data'!F87+Bill!$P$2)*Bill!$AE85 -> 0 | Q85: =Bill!$Z85*('Raw Data'!$E87+$Q$2) -> 0 | R85: =('Raw Data'!F87+Bill!$R$2)*Bill!$AF85 -> 0 | S85: =('Raw Data'!G87/100)*Bill!$AG85 -> 0 | T85: =SUM(Bill!$L85:$R85) -> 2256.2 | U85: 2256 | W85: =Bill!$U85-Bill!$T85 -> -0.2 | Y85: ='Raw Data'!D87 -> 45643 | Z85: 0 | AA85: 5.1 | AB85: 5 | AC85: 3 | AD85: 0 | AE85: 0 | AF85: 0 | AG85: 0
A86: =Bill!$Y86 -> 45644 | B86: ='Raw Data'!E88+Bill!$L$2 -> 152 | C86: ='Raw Data'!E88+Bill!$M$2 -> 157 | D86: =('Raw Data'!$F88*2)-10 -> 216 | E86: ='Raw Data'!F88+Bill!$O$2 -> 133 | F86: ='Raw Data'!F88+Bill!$P$2 -> 138 | H86: =('Raw Data'!F88+Bill!$R$2) -> 133 | I86: ='Raw Data'!G88/100 -> 6.45 | K86: =Bill!$Y86 -> 45644 | L86: =Bill!$AA86*('Raw Data'!$E88+$L$2) -> 2348.4 | M86: =Bill!$AB86*('Raw Data'!$E88+$M$2) -> 2826 | N86: =(('Raw Data'!$F88 * 2)-10)*Bill!$AC86 -> 1728 | O86: =('Raw Data'!F88+Bill!$O$2)*Bill!$AD86 -> 0 | P86: =('Raw Data'!F88+Bill!$P$2)*Bill!$AE86 -> 276 | Q86: =Bill!$Z86*('Raw Data'!$E88+$Q$2) -> 0 | R86: =('Raw Data'!F88+Bill!$R$2)*Bill!$AF86 -> 0 | S86: =('Raw Data'!G88/100)*Bill!$AG86 -> 0 | T86: =SUM(Bill!$L86:$R86) -> 7178.4 | U86: 7188 | W86: =Bill!$U86-Bill!$T86 -> 9.6 | Y86: ='Raw Data'!D88 -> 45644 | Z86: 0 | AA86: 15.45 | AB86: 18 | AC86: 8 | AD86: 0 | AE86: 2 | AF86: 0 | AG86: 0
... A93: =Bill!$Y93 -> 45651 | B93: ='Raw Data'!E95+Bill!$L$2 -> 152 | C93: ='Raw Data'!E95+Bill!$M$2 -> 157 | D93: =('Raw Data'!$F95*2)-10 -> 216 | E93: ='Raw Data'!F95+Bill!$O$2 -> 133 | F93: ='Raw Data'!F95+Bill!$P$2 -> 138 | H93: =('Raw Data'!F95+Bill!$R$2) -> 133 | I93: ='Raw Data'!G95/100 -> 6.3 | K93: =Bill!$Y93 -> 45651 | L93: =Bill!$AA93*('Raw Data'!$E95+$L$2) -> 3328.8 | M93: =Bill!$AB93*('Raw Data'!$E95+$M$2) -> 3140 | N93: =(('Raw Data'!$F95 * 2)-10)*Bill!$AC93 -> 1728 | O93: =('Raw Data'!F95+Bill!$O$2)*Bill!$AD93 -> 399 | P93: =('Raw Data'!F95+Bill!$P$2)*Bill!$AE93 -> 276 | Q93: =Bill!$Z93*('Raw Data'!$E95+$Q$2) -> 0 | R93: =('Raw Data'!F95+Bill!$R$2)*Bill!$AF93 -> 0 | S93: =('Raw Data'!G95/100)*Bill!$AG93 -> 0 | T93: =SUM(Bill!$L93:$R93) -> 8871.8 | U93: 8912 | W93: =Bill!$U93-Bill!$T93 -> 40.2 | Y93: ='Raw Data'!D95 -> 45651 | Z93: 0 | AA93: 21.9 | AB93: 20 | AC93: 8 | AD93: 3 | AE93: 2 | AF93: 0 | AG93: 0
A94: =Bill!$Y94 -> 45652 | B94: ='Raw Data'!E96+Bill!$L$2 -> 152 | C94: ='Raw Data'!E96+Bill!$M$2 -> 157 | D94: =('Raw Data'!$F96*2)-10 -> 220 | E94: ='Raw Data'!F96+Bill!$O$2 -> 135 | F94: ='Raw Data'!F96+Bill!$P$2 -> 140 | H94: =('Raw Data'!F96+Bill!$R$2) -> 135 | I94: ='Raw Data'!G96/100 -> 6.35 | K94: =Bill!$Y94 -> 45652 | L94: =Bill!$AA94*('Raw Data'!$E96+$L$2) -> 2462.4 | M94: =Bill!$AB94*('Raw Data'!$E96+$M$2) -> 2355 | N94: =(('Raw Data'!$F96 * 2)-10)*Bill!$AC94 -> 1760 | O94: =('Raw Data'!F96+Bill!$O$2)*Bill!$AD94 -> 0 | P94: =('Raw Data'!F96+Bill!$P$2)*Bill!$AE94 -> 0 | Q94: =Bill!$Z94*('Raw Data'!$E96+$Q$2) -> 0 | R94: =('Raw Data'!F96+Bill!$R$2)*Bill!$AF94 -> 0 | S94: =('Raw Data'!G96/100)*Bill!$AG94 -> 0 | T94: =SUM(Bill!$L94:$R94) -> 6577.4 | U94: 6577 | W94: =Bill!$U94-Bill!$T94 -> -0.4 | Y94: ='Raw Data'!D96 -> 45652 | Z94: 0 | AA94: 16.2 | AB94: 15 | AC94: 8 | AE94: 0 | AF94: 0 | AG94: 0
A95: =Bill!$Y95 -> 45653 | B95: ='Raw Data'!E97+Bill!$L$2 -> 156 | C95: ='Raw Data'!E97+Bill!$M$2 -> 161 | D95: =('Raw Data'!$F97*2)-10 -> 224 | E95: ='Raw Data'!F97+Bill!$O$2 -> 137 | F95: ='Raw Data'!F97+Bill!$P$2 -> 142 | H95: =('Raw Data'!F97+Bill!$R$2) -> 137 | I95: ='Raw Data'!G97/100 -> 6.35 | K95: =Bill!$Y95 -> 45653 | L95: =Bill!$AA95*('Raw Data'!$E97+$L$2) -> 0 | M95: =Bill!$AB95*('Raw Data'!$E97+$M$2) -> 483 | N95: =(('Raw Data'!$F97 * 2)-10)*Bill!$AC95 -> 1120 | O95: =('Raw Data'!F97+Bill!$O$2)*Bill!$AD95 -> 0 | P95: =('Raw Data'!F97+Bill!$P$2)*Bill!$AE95 -> 0 | Q95: =Bill!$Z95*('Raw Data'!$E97+$Q$2) -> 0 | R95: =('Raw Data'!F97+Bill!$R$2)*Bill!$AF95 -> 0 | S95: =('Raw Data'!G97/100)*Bill!$AG95 -> 1333.5 | T95: =SUM(Bill!$L95:$R95) -> 1603 | U95: 1603 | W95: =Bill!$U95-Bill!$T95 -> 0 | Y95: ='Raw Data'!D97 -> 45653 | Z95: 0 | AA95: 0 | AB95: 3 | AC95: 5 | AD95: 0 | AE95: 0 | AF95: 0 | AG95: 210
A96: =Bill!$Y96 -> 45654 | B96: ='Raw Data'!E98+Bill!$L$2 -> 158 | C96: ='Raw Data'!E98+Bill!$M$2 -> 163 | D96: =('Raw Data'!$F98*2)-10 -> 224 | E96: ='Raw Data'!F98+Bill!$O$2 -> 137 | F96: ='Raw Data'!F98+Bill!$P$2 -> 142 | H96: =('Raw Data'!F98+Bill!$R$2) -> 137 | I96: ='Raw Data'!G98/100 -> 6.35 | K96: =Bill!$Y96 -> 45654 | L96: =Bill!$AA96*('Raw Data'!$E98+$L$2) -> 0 | M96: =Bill!$AB96*('Raw Data'!$E98+$M$2) -> 815 | N96: =(('Raw Data'!$F98 * 2)-10)*Bill!$AC96 -> 1120 | O96: =('Raw Data'!F98+Bill!$O$2)*Bill!$AD96 -> 0 | P96: =('Raw Data'!F98+Bill!$P$2)*Bill!$AE96 -> 0 | Q96: =Bill!$Z96*('Raw Data'!$E98+$Q$2) -> 0 | R96: =('Raw Data'!F98+Bill!$R$2)*Bill!$AF96 -> 0 | S96: =('Raw Data'!G98/100)*Bill!$AG96 -> 0 | T96: =SUM(Bill!$L96:$R96) -> 1935 | U96: 1935 | W96: =Bill!$U96-Bill!$T96 -> 0 | Y96: ='Raw Data'!D98 -> 45654 | Z96: 0 | AA96: 0 | AB96: 5 | AC96: 5 | AD96: 0 | AE96: 0 | AF96: 0 | AG96: 0
A97: =Bill!$Y97 -> 45655 | B97: ='Raw Data'!E99+Bill!$L$2 -> 158 | C97: ='Raw Data'!E99+Bill!$M$2 -> 163 | D97: =('Raw Data'!$F99*2)-10 -> 224 | E97: ='Raw Data'!F99+Bill!$O$2 -> 137 | F97: ='Raw Data'!F99+Bill!$P$2 -> 142 | H97: =('Raw Data'!F99+Bill!$R$2) -> 137 | I97: ='Raw Data'!G99/100 -> 6.15 | K97: =Bill!$Y97 -> 45655 | L97: =Bill!$AA97*('Raw Data'!$E99+$L$2) -> 1896 | M97: =Bill!$AB97*('Raw Data'!$E99+$M$2) -> 1630 | N97: =(('Raw Data'!$F99 * 2)-10)*Bill!$AC97 -> 672 | O97: =('Raw Data'!F99+Bill!$O$2)*Bill!$AD97 -> 315.1 | P97: =('Raw Data'!F99+Bill!$P$2)*Bill!$AE97 -> 0 | Q97: =Bill!$Z97*('Raw Data'!$E99+$Q$2) -> 0 | R97: =('Raw Data'!F99+Bill!$R$2)*Bill!$AF97 -> 520.6 | S97: =('Raw Data'!G99/100)*Bill!$AG97 -> 0 | T97: =SUM(Bill!$L97:$R97) -> 5033.7 | U97: 5033 | W97: =Bill!$U97-Bill!$T97 -> -0.7 | Y97: ='Raw Data'!D99 -> 45655 | Z97: 0 | AA97: 12 | AB97: 10 | AC97: 3 | AD97: 2.3 | AE97: 0 | AF97: 3.8 | AG97: 0
A98: =Bill!$Y98 -> 45656 | B98: ='Raw Data'!E100+Bill!$L$2 -> 158 | C98: ='Raw Data'!E100+Bill!$M$2 -> 163 | D98: =('Raw Data'!$F100*2)-10 -> 224 | E98: ='Raw Data'!F100+Bill!$O$2 -> 137 | F98: ='Raw Data'!F100+Bill!$P$2 -> 142 | H98: =('Raw Data'!F100+Bill!$R$2) -> 137 | I98: ='Raw Data'!G100/100 -> 5.95 | K98: =Bill!$Y98 -> 45656 | L98: =Bill!$AA98*('Raw Data'!$E100+$L$2) -> 7291.7 | M98: =Bill!$AB98*('Raw Data'!$E100+$M$2) -> 8150 | N98: =(('Raw Data'!$F100 * 2)-10)*Bill!$AC98 -> 3360 | O98: =('Raw Data'!F100+Bill!$O$2)*Bill!$AD98 -> 753.5 | P98: =('Raw Data'!F100+Bill!$P$2)*Bill!$AE98 -> 710 | Q98: =Bill!$Z98*('Raw Data'!$E100+$Q$2) -> 0 | R98: =('Raw Data'!F100+Bill!$R$2)*Bill!$AF98 -> 0 | S98: =('Raw Data'!G100/100)*Bill!$AG98 -> 1249.5 | T98: =SUM(Bill!$L98:$R98) -> 20265.2 | U98: 20289 | W98: =Bill!$U98-Bill!$T98 -> 23.8 | Y98: ='Raw Data'!D100 -> 45656 | Z98: 0 | AA98: 46.15 | AB98: 50 | AC98: 15 | AD98: 5.5 | AE98: 5 | AF98: 0 | AG98: 210
A99: =Bill!$Y99 -> 45657 | B99: ='Raw Data'!E101+Bill!$L$2 -> 158 | C99: ='Raw Data'!E101+Bill!$M$2 -> 163 | D99: =('Raw Data'!$F101*2)-10 -> 224 | E99: ='Raw Data'!F101+Bill!$O$2 -> 137 | F99: ='Raw Data'!F101+Bill!$P$2 -> 142 | H99: =('Raw Data'!F101+Bill!$R$2) -> 137 | I99: ='Raw Data'!G101/100 -> 5.75 | K99: =Bill!$Y99 -> 45657 | L99: =Bill!$AA99*('Raw Data'!$E101+$L$2) -> 1840.7 | M99: =Bill!$AB99*('Raw Data'!$E101+$M$2) -> 1630 | N99: =(('Raw Data'!$F101 * 2)-10)*Bill!$AC99 -> 1792 | O99: =('Raw Data'!F101+Bill!$O$2)*Bill!$AD99 -> 0 | P99: =('Raw Data'!F101+Bill!$P$2)*Bill!$AE99 -> 426 | Q99: =Bill!$Z99*('Raw Data'!$E101+$Q$2) -> 0 | R99: =('Raw Data'!F101+Bill!$R$2)*Bill!$AF99 -> 0 | S99: =('Raw Data'!G101/100)*Bill!$AG99 -> 0 | T99: =SUM(Bill!$L99:$R99) -> 5688.7 | U99: 5703 | W99: =Bill!$U99-Bill!$T99 -> 14.3 | Y99: ='Raw Data'!D101 -> 45657 | Z99: 0 | AA99: 11.65 | AB99: 10 | AC99: 8 | AD99: 0 | AE99: 3 | AF99: 0 | AG99: 0
A100: =Bill!$Y100 -> 45658 | B100: ='Raw Data'!E102+Bill!$L$2 -> 158 | C100: ='Raw Data'!E102+Bill!$M$2 -> 163 | D100: =('Raw Data'!$F102*2)-10 -> 224 | E100: ='Raw Data'!F102+Bill!$O$2 -> 137 | F100: ='Raw Data'!F102+Bill!$P$2 -> 142 | H100: =('Raw Data'!F102+Bill!$R$2) -> 137 | I100: ='Raw Data'!G102/100 -> 5.8 | K100: =Bill!$Y100 -> 45658 | L100: =Bill!$AA100*('Raw Data'!$E102+$L$2) -> 0 | M100: =Bill!$AB100*('Raw Data'!$E102+$M$2) -> 0 | N100: =(('Raw Data'!$F102 * 2)-10)*Bill!$AC100 -> 0 | O100: =('Raw Data'!F102+Bill!$O$2)*Bill!$AD100 -> 0 | P100: =('Raw Data'!F102+Bill!$P$2)*Bill!$AE100 -> 0 | Q100: =Bill!$Z100*('Raw Data'!$E102+$Q$2) -> 0 | R100: =('Raw Data'!F102+Bill!$R$2)*Bill!$AF100 -> 0 | S100: =('Raw Data'!G102/100)*Bill!$AG100 -> 0 | T100: =SUM(Bill!$L100:$R100) -> 0 | U100: 0 | W100: =Bill!$U100-Bill!$T100 -> 0 | Y100: ='Raw Data'!D102 -> 45658 | Z100: 0 | AA100: 0 | AB100: 0 | AC100: 0 | AD100: 0 | AE100: 0 | AF100: 0 | AG100: 0
A101: =Bill!$Y101 -> 45659 | B101: ='Raw Data'!E103+Bill!$L$2 -> 156 | C101: ='Raw Data'!E103+Bill!$M$2 -> 161 | D101: =('Raw Data'!$F103*2)-10 -> 220 | E101: ='Raw Data'!F103+Bill!$O$2 -> 135 | F101: ='Raw Data'!F103+Bill!$P$2 -> 140 | H101: =('Raw Data'!F103+Bill!$R$2) -> 135 | I101: ='Raw Data'!G103/100 -> 5.8 | K101: =Bill!$Y101 -> 45659 | L101: =Bill!$AA101*('Raw Data'!$E103+$L$2) -> 0 | M101: =Bill!$AB101*('Raw Data'!$E103+$M$2) -> 805 | N101: =(('Raw Data'!$F103 * 2)-10)*Bill!$AC101 -> 660 | O101: =('Raw Data'!F103+Bill!$O$2)*Bill!$AD101 -> 0 | P101: =('Raw Data'!F103+Bill!$P$2)*Bill!$AE101 -> 280 | Q101: =Bill!$Z101*('Raw Data'!$E103+$Q$2) -> 0 | R101: =('Raw Data'!F103+Bill!$R$2)*Bill!$AF101 -> 0 | S101: =('Raw Data'!G103/100)*Bill!$AG101 -> 0 | T101: =SUM(Bill!$L101:$R101) -> 1745 | U101: 1755 | W101: =Bill!$U101-Bill!$T101 -> 10 | Y101: ='Raw Data'!D103 -> 45659 | Z101: 0 | AA101: 0 | AB101: 5 | AC101: 3 | AD101: 0 | AE101: 2 | AF101: 0 | AG101: 0
A102: =Bill!$Y102 -> 45660 | B102: ='Raw Data'!E104+Bill!$L$2 -> 152 | C102: ='Raw Data'!E104+Bill!$M$2 -> 157 | D102: =('Raw Data'!$F104*2)-10 -> 220 | E102: ='Raw Data'!F104+Bill!$O$2 -> 135 | F102: ='Raw Data'!F104+Bill!$P$2 -> 140 | H102: =('Raw Data'!F104+Bill!$R$2) -> 135 | I102: ='Raw Data'!G104/100 -> 5.85 | K102: =Bill!$Y102 -> 45660 | L102: =Bill!$AA102*('Raw Data'!$E104+$L$2) -> 0 | M102: =Bill!$AB102*('Raw Data'!$E104+$M$2) -> 2355 | N102: =(('Raw Data'!$F104 * 2)-10)*Bill!$AC102 -> 1760 | O102: =('Raw Data'!F104+Bill!$O$2)*Bill!$AD102 -> 0 | P102: =('Raw Data'!F104+Bill!$P$2)*Bill!$AE102 -> 420 | Q102: =Bill!$Z102*('Raw Data'!$E104+$Q$2) -> 0 | R102: =('Raw Data'!F104+Bill!$R$2)*Bill!$AF102 -> 0 | S102: =('Raw Data'!G104/100)*Bill!$AG102 -> 1228.5 | T102: =SUM(Bill!$L102:$R102) -> 4535 | U102: 4550 | W102: =Bill!$U102-Bill!$T102 -> 15 | Y102: ='Raw Data'!D104 -> 45660 | Z102: 0 | AA102: 0 | AB102: 15 | AC102: 8 | AD102: 0 | AE102: 3 | AF102: 0 | AG102: 210
A103: =Bill!$Y103 -> 45661 | B103: ='Raw Data'!E105+Bill!$L$2 -> 152 | C103: ='Raw Data'!E105+Bill!$M$2 -> 157 | D103: =('Raw Data'!$F105*2)-10 -> 224 | E103: ='Raw Data'!F105+Bill!$O$2 -> 137 | F103: ='Raw Data'!F105+Bill!$P$2 -> 142 | H103: =('Raw Data'!F105+Bill!$R$2) -> 137 | I103: ='Raw Data'!G105/100 -> 5.85 | K103: =Bill!$Y103 -> 45661 | L103: =Bill!$AA103*('Raw Data'!$E105+$L$2) -> 1474.4 | M103: =Bill!$AB103*('Raw Data'!$E105+$M$2) -> 0 | N103: =(('Raw Data'!$F105 * 2)-10)*Bill!$AC103 -> 1120 | O103: =('Raw Data'!F105+Bill!$O$2)*Bill!$AD103 -> 424.7 | P103: =('Raw Data'!F105+Bill!$P$2)*Bill!$AE103 -> 0 | Q103: =Bill!$Z103*('Raw Data'!$E105+$Q$2) -> 0 | R103: =('Raw Data'!F105+Bill!$R$2)*Bill!$AF103 -> 0 | S103: =('Raw Data'!G105/100)*Bill!$AG103 -> 0 | T103: =SUM(Bill!$L103:$R103) -> 3019.1 | U103: 3019 | W103: =Bill!$U103-Bill!$T103 -> -0.1 | Y103: ='Raw Data'!D105 -> 45661 | Z103: 0 | AA103: 9.7 | AB103: 0 | AC103: 5 | AD103: 3.1 | AE103: 0 | AF103: 0
A104: =Bill!$Y104 -> 45662 | B104: ='Raw Data'!E106+Bill!$L$2 -> 152 | C104: ='Raw Data'!E106+Bill!$M$2 -> 157 | D104: =('Raw Data'!$F106*2)-10 -> 236 | E104: ='Raw Data'!F106+Bill!$O$2 -> 143 | F104: ='Raw Data'!F106+Bill!$P$2 -> 148 | H104: =('Raw Data'!F106+Bill!$R$2) -> 143 | I104: ='Raw Data'!G106/100 -> 5.7 | K104: =Bill!$Y104 -> 45662 | L104: =Bill!$AA104*('Raw Data'!$E106+$L$2) -> 2705.6 | M104: =Bill!$AB104*('Raw Data'!$E106+$M$2) -> 2370.7 | N104: =(('Raw Data'!$F106 * 2)-10)*Bill!$AC104 -> 1888 | O104: =('Raw Data'!F106+Bill!$O$2)*Bill!$AD104 -> 0 | P104: =('Raw Data'!F106+Bill!$P$2)*Bill!$AE104 -> 296 | Q104: =Bill!$Z104*('Raw Data'!$E106+$Q$2) -> 0 | R104: =('Raw Data'!F106+Bill!$R$2)*Bill!$AF104 -> 457.6 | S104: =('Raw Data'!G106/100)*Bill!$AG104 -> 0 | T104: =SUM(Bill!$L104:$R104) -> 7717.9 | U104: 7726 | W104: =Bill!$U104-Bill!$T104 -> 8.1 | Y104: ='Raw Data'!D106 -> 45662 | Z104: 0 | AA104: 17.8 | AB104: 15.1 | AC104: 8 | AD104: 0 | AE104: 2 | AF104: 3.2
A105: =Bill!$Y105 -> 45663 | B105: ='Raw Data'!E107+Bill!$L$2 -> 152 | C105: ='Raw Data'!E107+Bill!$M$2 -> 157 | D105: =('Raw Data'!$F107*2)-10 -> 236 | E105: ='Raw Data'!F107+Bill!$O$2 -> 143 | F105: ='Raw Data'!F107+Bill!$P$2 -> 148 | H105: =('Raw Data'!F107+Bill!$R$2) -> 143 | I105: ='Raw Data'!G107/100 -> 5.5 | K105: =Bill!$Y105 -> 45663 | L105: =Bill!$AA105*('Raw Data'!$E107+$L$2) -> 0 | M105: =Bill!$AB105*('Raw Data'!$E107+$M$2) -> 2355 | N105: =(('Raw Data'!$F107 * 2)-10)*Bill!$AC105 -> 708 | O105: =('Raw Data'!F107+Bill!$O$2)*Bill!$AD105 -> 0 | P105: =('Raw Data'!F107+Bill!$P$2)*Bill!$AE105 -> 296 | Q105: =Bill!$Z105*('Raw Data'!$E107+$Q$2) -> 0 | R105: =('Raw Data'!F107+Bill!$R$2)*Bill!$AF105 -> 0 | S105: =('Raw Data'!G107/100)*Bill!$AG105 -> 825 | T105: =SUM(Bill!$L105:$R105) -> 3359 | U105: 3369 | W105: =Bill!$U105-Bill!$T105 -> 10 | Y105: ='Raw Data'!D107 -> 45663 | Z105: 0 | AA105: 0 | AB105: 15 | AC105: 3 | AD105: 0 | AE105: 2 | AF105: 0 | AG105: 150
A106: =Bill!$Y106 -> 45664 | B106: ='Raw Data'!E108+Bill!$L$2 -> 152 | C106: ='Raw Data'!E108+Bill!$M$2 -> 157 | D106: =('Raw Data'!$F108*2)-10 -> 238 | E106: ='Raw Data'!F108+Bill!$O$2 -> 144 | F106: ='Raw Data'!F108+Bill!$P$2 -> 149 | H106: =('Raw Data'!F108+Bill!$R$2) -> 144 | I106: ='Raw Data'!G108/100 -> 5.5 | K106: =Bill!$Y106 -> 45664 | L106: =Bill!$AA106*('Raw Data'!$E108+$L$2) -> 699.2 | M106: =Bill!$AB106*('Raw Data'!$E108+$M$2) -> 1570 | N106: =(('Raw Data'!$F108 * 2)-10)*Bill!$AC106 -> 1428 | O106: =('Raw Data'!F108+Bill!$O$2)*Bill!$AD106 -> 302.4 | P106: =('Raw Data'!F108+Bill!$P$2)*Bill!$AE106 -> 0 | Q106: =Bill!$Z106*('Raw Data'!$E108+$Q$2) -> 0 | R106: =('Raw Data'!F108+Bill!$R$2)*Bill!$AF106 -> 0 | S106: =('Raw Data'!G108/100)*Bill!$AG106 -> 0 | T106: =SUM(Bill!$L106:$R106) -> 3999.6 | U106: 3999 | W106: =Bill!$U106-Bill!$T106 -> -0.6 | Y106: ='Raw Data'!D108 -> 45664 | Z106: 0 | AA106: 4.6 | AB106: 10 | AC106: 6 | AD106: 2.1 | AE106: 0 | AF106: 0 | AG106: 0
A107: =Bill!$Y107 -> 45665 | B107: ='Raw Data'!E109+Bill!$L$2 -> 156 | C107: ='Raw Data'!E109+Bill!$M$2 -> 161 | D107: =('Raw Data'!$F109*2)-10 -> 246 | E107: ='Raw Data'!F109+Bill!$O$2 -> 148 | F107: ='Raw Data'!F109+Bill!$P$2 -> 153 | H107: =('Raw Data'!F109+Bill!$R$2) -> 148 | I107: ='Raw Data'!G109/100 -> 5.5 | K107: =Bill!$Y107 -> 45665 | L107: =Bill!$AA107*('Raw Data'!$E109+$L$2) -> 0 | M107: =Bill!$AB107*('Raw Data'!$E109+$M$2) -> 1304.1 | N107: =(('Raw Data'!$F109 * 2)-10)*Bill!$AC107 -> 1230 | O107: =('Raw Data'!F109+Bill!$O$2)*Bill!$AD107 -> 0 | P107: =('Raw Data'!F109+Bill!$P$2)*Bill!$AE107 -> 306 | Q107: =Bill!$Z107*('Raw Data'!$E109+$Q$2) -> 0 | R107: =('Raw Data'!F109+Bill!$R$2)*Bill!$AF107 -> 0 | S107: =('Raw Data'!G109/100)*Bill!$AG107 -> 0 | T107: =SUM(Bill!$L107:$R107) -> 2840.1 | U107: 2850 | W107: =Bill!$U107-Bill!$T107 -> 9.9 | Y107: ='Raw Data'!D109 -> 45665 | Z107: 0 | AA107: 0 | AB107: 8.1 | AC107: 5 | AD107: 0 | AE107: 2 | AF107: 0 | AG107: 0
A108: =Bill!$Y108 -> 45666 | B108: ='Raw Data'!E110+Bill!$L$2 -> 156 | C108: ='Raw Data'!E110+Bill!$M$2 -> 161 | D108: =('Raw Data'!$F110*2)-10 -> 246 | E108: ='Raw Data'!F110+Bill!$O$2 -> 148 | F108: ='Raw Data'!F110+Bill!$P$2 -> 153 | H108: =('Raw Data'!F110+Bill!$R$2) -> 148 | I108: ='Raw Data'!G110/100 -> 5.5 | K108: =Bill!$Y108 -> 45666 | L108: =Bill!$AA108*('Raw Data'!$E110+$L$2) -> 3463.2 | M108: =Bill!$AB108*('Raw Data'!$E110+$M$2) -> 2415 | N108: =(('Raw Data'!$F110 * 2)-10)*Bill!$AC108 -> 1476 | O108: =('Raw Data'!F110+Bill!$O$2)*Bill!$AD108 -> 429.2 | P108: =('Raw Data'!F110+Bill!$P$2)*Bill!$AE108 -> 306 | Q108: =Bill!$Z108*('Raw Data'!$E110+$Q$2) -> 0 | R108: =('Raw Data'!F110+Bill!$R$2)*Bill!$AF108 -> 0 | S108: =('Raw Data'!G110/100)*Bill!$AG108 -> 825 | T108: =SUM(Bill!$L108:$R108) -> 8089.4 | U108: 8099 | W108: =Bill!$U108-Bill!$T108 -> 9.6 | Y108: ='Raw Data'!D110 -> 45666 | Z108: 0 | AA108: 22.2 | AB108: 15 | AC108: 6 | AD108: 2.9 | AE108: 2 | AF108: 0 | AG108: 150
A109: =Bill!$Y109 -> 45667 | B109: ='Raw Data'!E111+Bill!$L$2 -> 158 | C109: ='Raw Data'!E111+Bill!$M$2 -> 163 | D109: =('Raw Data'!$F111*2)-10 -> 250 | E109: ='Raw Data'!F111+Bill!$O$2 -> 150 | F109: ='Raw Data'!F111+Bill!$P$2 -> 155 | H109: =('Raw Data'!F111+Bill!$R$2) -> 150 | I109: ='Raw Data'!G111/100 -> 5.55 | K109: =Bill!$Y109 -> 45667 | L109: =Bill!$AA109*('Raw Data'!$E111+$L$2) -> 884.8 | M109: =Bill!$AB109*('Raw Data'!$E111+$M$2) -> 1956 | N109: =(('Raw Data'!$F111 * 2)-10)*Bill!$AC109 -> 2000 | O109: =('Raw Data'!F111+Bill!$O$2)*Bill!$AD109 -> 315 | P109: =('Raw Data'!F111+Bill!$P$2)*Bill!$AE109 -> 0 | Q109: =Bill!$Z109*('Raw Data'!$E111+$Q$2) -> 0 | R109: =('Raw Data'!F111+Bill!$R$2)*Bill!$AF109 -> 0 | S109: =('Raw Data'!G111/100)*Bill!$AG109 -> 0 | T109: =SUM(Bill!$L109:$R109) -> 5155.8 | U109: 5156 | W109: =Bill!$U109-Bill!$T109 -> 0.2 | Y109: ='Raw Data'!D111 -> 45667 | Z109: 0 | AA109: 5.6 | AB109: 12 | AC109: 8 | AD109: 2.1 | AE109: 0 | AF109: 0 | AG109: 0
A110: =Bill!$Y110 -> 45668 | B110: ='Raw Data'!E112+Bill!$L$2 -> 158 | C110: ='Raw Data'!E112+Bill!$M$2 -> 163 | D110: =('Raw Data'!$F112*2)-10 -> 250 | E110: ='Raw Data'!F112+Bill!$O$2 -> 150 | F110: ='Raw Data'!F112+Bill!$P$2 -> 155 | H110: =('Raw Data'!F112+Bill!$R$2) -> 150 | I110: ='Raw Data'!G112/100 -> 5.55 | K110: =Bill!$Y110 -> 45668 | L110: =Bill!$AA110*('Raw Data'!$E112+$L$2) -> 872.16 | M110: =Bill!$AB110*('Raw Data'!$E112+$M$2) -> 1002.45 | N110: =(('Raw Data'!$F112 * 2)-10)*Bill!$AC110 -> 2000 | O110: =('Raw Data'!F112+Bill!$O$2)*Bill!$AD110 -> 0 | P110: =('Raw Data'!F112+Bill!$P$2)*Bill!$AE110 -> 310 | Q110: =Bill!$Z110*('Raw Data'!$E112+$Q$2) -> 0 | R110: =('Raw Data'!F112+Bill!$R$2)*Bill!$AF110 -> 0 | S110: =('Raw Data'!G112/100)*Bill!$AG110 -> 0 | T110: =SUM(Bill!$L110:$R110) -> 4184.61 | U110: 4191 | W110: =Bill!$U110-Bill!$T110 -> 6.39 | Y110: ='Raw Data'!D112 -> 45668 | Z110: 0 | AA110: 5.52 | AB110: 6.15 | AC110: 8 | AD110: 0 | AE110: 2 | AF110: 0 | AG110: 0
A111: =Bill!$Y111 -> 45669 | B111: ='Raw Data'!E113+Bill!$L$2 -> 158 | C111: ='Raw Data'!E113+Bill!$M$2 -> 163 | D111: =('Raw Data'!$F113*2)-10 -> 250 | E111: ='Raw Data'!F113+Bill!$O$2 -> 150 | F111: ='Raw Data'!F113+Bill!$P$2 -> 155 | H111: =('Raw Data'!F113+Bill!$R$2) -> 150 | I111: ='Raw Data'!G113/100 -> 5.55 | K111: =Bill!$Y111 -> 45669 | L111: =Bill!$AA111*('Raw Data'!$E113+$L$2) -> 1659 | M111: =Bill!$AB111*('Raw Data'!$E113+$M$2) -> 2934 | N111: =(('Raw Data'!$F113 * 2)-10)*Bill!$AC111 -> 1500 | O111: =('Raw Data'!F113+Bill!$O$2)*Bill!$AD111 -> 352.5 | P111: =('Raw Data'!F113+Bill!$P$2)*Bill!$AE111 -> 310 | Q111: =Bill!$Z111*('Raw Data'!$E113+$Q$2) -> 0 | R111: =('Raw Data'!F113+Bill!$R$2)*Bill!$AF111 -> 0 | S111: =('Raw Data'!G113/100)*Bill!$AG111 -> 1165.5 | T111: =SUM(Bill!$L111:$R111) -> 6755.5 | U111: 6765 | W111: =Bill!$U111-Bill!$T111 -> 9.5 | Y111: ='Raw Data'!D113 -> 45669 | Z111: 0 | AA111: 10.5 | AB111: 18 | AC111: 6 | AD111: 2.35 | AE111: 2 | AF111: 0 | AG111: 210
A112: =Bill!$Y112 -> 45670 | B112: ='Raw Data'!E114+Bill!$L$2 -> 158 | C112: ='Raw Data'!E114+Bill!$M$2 -> 163 | D112: =('Raw Data'!$F114*2)-10 -> 246 | E112: ='Raw Data'!F114+Bill!$O$2 -> 148 | F112: ='Raw Data'!F114+Bill!$P$2 -> 153 | H112: =('Raw Data'!F114+Bill!$R$2) -> 148 | I112: ='Raw Data'!G114/100 -> 5.55 | K112: =Bill!$Y112 -> 45670 | L112: =Bill!$AA112*('Raw Data'!$E114+$L$2) -> 0 | M112: =Bill!$AB112*('Raw Data'!$E114+$M$2) -> 1630 | N112: =(('Raw Data'!$F114 * 2)-10)*Bill!$AC112 -> 738 | O112: =('Raw Data'!F114+Bill!$O$2)*Bill!$AD112 -> 444 | P112: =('Raw Data'!F114+Bill!$P$2)*Bill!$AE112 -> 0 | Q112: =Bill!$Z112*('Raw Data'!$E114+$Q$2) -> 0 | R112: =('Raw Data'!F114+Bill!$R$2)*Bill!$AF112 -> 0 | S112: =('Raw Data'!G114/100)*Bill!$AG112 -> 0 | T112: =SUM(Bill!$L112:$R112) -> 2812 | U112: 2812 | W112: =Bill!$U112-Bill!$T112 -> 0 | Y112: ='Raw Data'!D114 -> 45670 | Z112: 0 | AA112: 0 | AB112: 10 | AC112: 3 | AD112: 3 | AE112: 0 | AF112: 0 | AG112: 0
A113: =Bill!$Y113 -> 45671 | B113: ='Raw Data'!E115+Bill!$L$2 -> 158 | C113: ='Raw Data'!E115+Bill!$M$2 -> 163 | D113: =('Raw Data'!$F115*2)-10 -> 246 | E113: ='Raw Data'!F115+Bill!$O$2 -> 148 | F113: ='Raw Data'!F115+Bill!$P$2 -> 153 | H113: =('Raw Data'!F115+Bill!$R$2) -> 148 | I113: ='Raw Data'!G115/100 -> 5.4 | K113: =Bill!$Y113 -> 45671 | L113: =Bill!$AA113*('Raw Data'!$E115+$L$2) -> 900.6 | M113: =Bill!$AB113*('Raw Data'!$E115+$M$2) -> 1304 | N113: =(('Raw Data'!$F115 * 2)-10)*Bill!$AC113 -> 492 | O113: =('Raw Data'!F115+Bill!$O$2)*Bill!$AD113 -> 0 | P113: =('Raw Data'!F115+Bill!$P$2)*Bill!$AE113 -> 0 | Q113: =Bill!$Z113*('Raw Data'!$E115+$Q$2) -> 0 | R113: =('Raw Data'!F115+Bill!$R$2)*Bill!$AF113 -> 0 | S113: =('Raw Data'!G115/100)*Bill!$AG113 -> 0 | T113: =SUM(Bill!$L113:$R113) -> 2696.6 | U113: 2696 | W113: =Bill!$U113-Bill!$T113 -> -0.6 | Y113: ='Raw Data'!D115 -> 45671 | Z113: 0 | AA113: 5.7 | AB113: 8 | AC113: 2 | AD113: 0 | AE113: 0 | AF113: 0 | AG113: 0
A114: =Bill!$Y114 -> 45672 | B114: ='Raw Data'!E116+Bill!$L$2 -> 158 | C114: ='Raw Data'!E116+Bill!$M$2 -> 163 | D114: =('Raw Data'!$F116*2)-10 -> 246 | E114: ='Raw Data'!F116+Bill!$O$2 -> 148 | F114: ='Raw Data'!F116+Bill!$P$2 -> 153 | H114: =('Raw Data'!F116+Bill!$R$2) -> 148 | I114: ='Raw Data'!G116/100 -> 5.4 | K114: =Bill!$Y114 -> 45672 | L114: =Bill!$AA114*('Raw Data'!$E116+$L$2) -> 766.3 | M114: =Bill!$AB114*('Raw Data'!$E116+$M$2) -> 2477.6 | N114: =(('Raw Data'!$F116 * 2)-10)*Bill!$AC114 -> 1476 | O114: =('Raw Data'!F116+Bill!$O$2)*Bill!$AD114 -> 325.6 | P114: =('Raw Data'!F116+Bill!$P$2)*Bill!$AE114 -> 612 | Q114: =Bill!$Z114*('Raw Data'!$E116+$Q$2) -> 0 | R114: =('Raw Data'!F116+Bill!$R$2)*Bill!$AF114 -> 0 | S114: =('Raw Data'!G116/100)*Bill!$AG114 -> 0 | T114: =SUM(Bill!$L114:$R114) -> 5657.5 | U114: 5676 | W114: =Bill!$U114-Bill!$T114 -> 18.5 | Y114: ='Raw Data'!D116 -> 45672 | Z114: 0 | AA114: 4.85 | AB114: 15.2 | AC114: 6 | AD114: 2.2 | AE114: 4 | AF114: 0 | AG114: 0
A115: =Bill!$Y115 -> 45673 | B115: ='Raw Data'!E117+Bill!$L$2 -> 156 | C115: ='Raw Data'!E117+Bill!$M$2 -> 161 | D115: =('Raw Data'!$F117*2)-10 -> 246 | E115: ='Raw Data'!F117+Bill!$O$2 -> 148 | F115: ='Raw Data'!F117+Bill!$P$2 -> 153 | H115: =('Raw Data'!F117+Bill!$R$2) -> 148 | I115: ='Raw Data'!G117/100 -> 5.4 | K115: =Bill!$Y115 -> 45673 | L115: =Bill!$AA115*('Raw Data'!$E117+$L$2) -> 1599 | M115: =Bill!$AB115*('Raw Data'!$E117+$M$2) -> 2431.1 | N115: =(('Raw Data'!$F117 * 2)-10)*Bill!$AC115 -> 1230 | O115: =('Raw Data'!F117+Bill!$O$2)*Bill!$AD115 -> 0 | P115: =('Raw Data'!F117+Bill!$P$2)*Bill!$AE115 -> 612 | Q115: =Bill!$Z115*('Raw Data'!$E117+$Q$2) -> 0 | R115: =('Raw Data'!F117+Bill!$R$2)*Bill!$AF115 -> 574.24 | S115: =('Raw Data'!G117/100)*Bill!$AG115 -> 0 | T115: =SUM(Bill!$L115:$R115) -> 6446.34 | U115: 6462 | W115: =Bill!$U115-Bill!$T115 -> 15.66 | Y115: ='Raw Data'!D117 -> 45673 | Z115: 0 | AA115: 10.25 | AB115: 15.1 | AC115: 5 | AD115: 0 | AE115: 4 | AF115: 3.88 | AG115: 0
A116: =Bill!$Y116 -> 45674 | B116: ='Raw Data'!E118+Bill!$L$2 -> 156 | C116: ='Raw Data'!E118+Bill!$M$2 -> 161 | D116: =('Raw Data'!$F118*2)-10 -> 246 | E116: ='Raw Data'!F118+Bill!$O$2 -> 148 | F116: ='Raw Data'!F118+Bill!$P$2 -> 153 | H116: =('Raw Data'!F118+Bill!$R$2) -> 148 | I116: ='Raw Data'!G118/100 -> 5.4 | K116: =Bill!$Y116 -> 45674 | L116: =Bill!$AA116*('Raw Data'!$E118+$L$2) -> 0 | M116: =Bill!$AB116*('Raw Data'!$E118+$M$2) -> 1304.1 | N116: =(('Raw Data'!$F118 * 2)-10)*Bill!$AC116 -> 1230 | O116: =('Raw Data'!F118+Bill!$O$2)*Bill!$AD116 -> 296 | P116: =('Raw Data'!F118+Bill!$P$2)*Bill!$AE116 -> 306 | Q116: =Bill!$Z116*('Raw Data'!$E118+$Q$2) -> 0 | R116: =('Raw Data'!F118+Bill!$R$2)*Bill!$AF116 -> 0 | S116: =('Raw Data'!G118/100)*Bill!$AG116 -> 0 | T116: =SUM(Bill!$L116:$R116) -> 3136.1 | U116: 3126 | W116: =Bill!$U116-Bill!$T116 -> -10.1 | Y116: ='Raw Data'!D118 -> 45674 | Z116: 0 | AA116: 0 | AB116: 8.1 | AC116: 5 | AD116: 2 | AE116: 2 | AF116: 0 | AG116: 0
... A149: =Bill!$Y149 -> 45707 | B149: ='Raw Data'!E151+Bill!$L$2 -> 144 | C149: ='Raw Data'!E151+Bill!$M$2 -> 149 | D149: =('Raw Data'!$F151*2)-10 -> 184 | E149: ='Raw Data'!F151+Bill!$O$2 -> 117 | F149: ='Raw Data'!F151+Bill!$P$2 -> 122 | H149: =('Raw Data'!F151+Bill!$R$2) -> 117 | I149: ='Raw Data'!G151/100 -> 4.8 | K149: =Bill!$Y149 -> 45707 | L149: =Bill!$AA149*('Raw Data'!$E151+$L$2) -> 684 | M149: =Bill!$AB149*('Raw Data'!$E151+$M$2) -> 916.35 | N149: =(('Raw Data'!$F151 * 2)-10)*Bill!$AC149 -> 736 | O149: =('Raw Data'!F151+Bill!$O$2)*Bill!$AD149 -> 0 | P149: =('Raw Data'!F151+Bill!$P$2)*Bill!$AE149 -> 366 | Q149: =Bill!$Z149*('Raw Data'!$E151+$Q$2) -> 0 | R149: =('Raw Data'!F151+Bill!$R$2)*Bill!$AF149 -> 0 | S149: =('Raw Data'!G151/100)*Bill!$AG149 -> 0 | T149: =SUM(Bill!$L149:$R149) -> 2702.35 | U149: 2717 | W149: =Bill!$U149-Bill!$T149 -> 14.65 | Y149: ='Raw Data'!D151 -> 45707 | Z149: 0 | AA149: 4.75 | AB149: 6.15 | AC149: 4 | AD149: 0 | AE149: 3 | AF149: 0 | AG149: 0
A150: =Bill!$Y150 -> 45708 | B150: ='Raw Data'!E152+Bill!$L$2 -> 142 | C150: ='Raw Data'!E152+Bill!$M$2 -> 147 | D150: =('Raw Data'!$F152*2)-10 -> 184 | E150: ='Raw Data'!F152+Bill!$O$2 -> 117 | F150: ='Raw Data'!F152+Bill!$P$2 -> 122 | H150: =('Raw Data'!F152+Bill!$R$2) -> 117 | I150: ='Raw Data'!G152/100 -> 4.8 | K150: =Bill!$Y150 -> 45708 | L150: =Bill!$AA150*('Raw Data'!$E152+$L$2) -> 667.4 | M150: =Bill!$AB150*('Raw Data'!$E152+$M$2) -> 1499.4 | N150: =(('Raw Data'!$F152 * 2)-10)*Bill!$AC150 -> 920 | O150: =('Raw Data'!F152+Bill!$O$2)*Bill!$AD150 -> 391.95 | P150: =('Raw Data'!F152+Bill!$P$2)*Bill!$AE150 -> 244 | Q150: =Bill!$Z150*('Raw Data'!$E152+$Q$2) -> 0 | R150: =('Raw Data'!F152+Bill!$R$2)*Bill!$AF150 -> 0 | S150: =('Raw Data'!G152/100)*Bill!$AG150 -> 0 | T150: =SUM(Bill!$L150:$R150) -> 3722.75 | U150: 3732 | W150: =Bill!$U150-Bill!$T150 -> 9.25 | Y150: ='Raw Data'!D152 -> 45708 | Z150: 0 | AA150: 4.7 | AB150: 10.2 | AC150: 5 | AD150: 3.35 | AE150: 2
A151: =Bill!$Y151 -> 45709 | B151: ='Raw Data'!E153+Bill!$L$2 -> 142 | C151: ='Raw Data'!E153+Bill!$M$2 -> 147 | D151: =('Raw Data'!$F153*2)-10 -> 174 | E151: ='Raw Data'!F153+Bill!$O$2 -> 112 | F151: ='Raw Data'!F153+Bill!$P$2 -> 117 | H151: =('Raw Data'!F153+Bill!$R$2) -> 112 | I151: ='Raw Data'!G153/100 -> 4.8 | K151: =Bill!$Y151 -> 45709 | L151: =Bill!$AA151*('Raw Data'!$E153+$L$2) -> 710 | M151: =Bill!$AB151*('Raw Data'!$E153+$M$2) -> 2675.4 | N151: =(('Raw Data'!$F153 * 2)-10)*Bill!$AC151 -> 522 | O151: =('Raw Data'!F153+Bill!$O$2)*Bill!$AD151 -> 0 | P151: =('Raw Data'!F153+Bill!$P$2)*Bill!$AE151 -> 0 | Q151: =Bill!$Z151*('Raw Data'!$E153+$Q$2) -> 0 | R151: =('Raw Data'!F153+Bill!$R$2)*Bill!$AF151 -> 0 | S151: =('Raw Data'!G153/100)*Bill!$AG151 -> 0 | T151: =SUM(Bill!$L151:$R151) -> 3907.4 | U151: 3907 | W151: =Bill!$U151-Bill!$T151 -> -0.4 | Y151: ='Raw Data'!D153 -> 45709 | Z151: 0 | AA151: 5 | AB151: 18.2 | AC151: 3 | AD151: 0 | AE151: 0 | AF151: 0 | AG151: 0
...
